"","index","easting","northing","slp09c","slp30c"
"1",37232,2486482.68,5769265.67,0.00302716915889492,0.000847734919835845
"2",37235,2487004,5768884,0.0020781498364624,0.00122278226743994
"3",37135,2483316.8,5767891.85,0.00395421421243982,0.0030376568936043
"4",37135,2483809.69,5767624.36,0.00409388324930921,0.0032142312329269
"5",37235,2486832.67,5768389.67,0.00175470872972519,0.00122278226743994
"6",37278,2478063.2,5766886.08,0.00991778869419462,0.00700508831047093
"7",37135,2480918.29,5766566.3,0.00187687217669381,0.00264071051996929
"8",37135,2484077.39,5767404.39,0.00283545182370285,0.0032142312329269
"9",37232,2485748.89,5766403.33,0.00187104641677145,0.00239684234510737
"10",37278,2478039.4,5766533.86,0.00962416981573781,0.00700508831047093
"11",37135,2479631.28,5766058.81,0.00680166701905377,0.00363585569900472
"12",37135,2479631.28,5766058.81,0.00680166701905377,0.00363585569900472
"13",37135,2482932.53,5765580.37,0.00210333998415624,0.00252062526533007
"14",37232,2485664.14,5766014.18,0.00233694198267014,0.00230488385834511
"15",37232,2485676.91,5766004.9,0.00233694198267014,0.00230488385834511
"16",37135,2483065.98,5764210.09,0.00194610660724208,0.00212532008843773
"17",37135,2483066.69,5764197.78,0.00194610660724208,0.00212532008843773
"18",37135,2484199.92,5763575.81,0.00317720748062082,0.00288554307293021
"19",37135,2484491.75,5764227.62,0.00346172699715538,0.00288554307293021
"20",37506,2482809.03,5761251.69,0.000717902650877601,0.00159481792844091
"21",37135,2483823.21,5761681.47,0.00204908724407755,0.00188536220354692
"22",37506,2482832.93,5761029.62,0.0022357237203826,0.00159481792844091
"23",37506,2483136.37,5759400.23,0.000277560479796739,0.000597653573974979
"24",37638,2485571,5759605,0.000774273975369606,0.000574562182288799
"25",37638,2485592,5759602,0.000315931192527539,0.000574562182288799
"26",37135,2480248.62,5759009.28,0.000891578089207661,0.00117546188755659
"27",37135,2481034.59,5758440.02,0.00193063804531508,0.00109437997719163
"28",37135,2481931.58,5758550.69,0.00124619785574729,0.000899766674656698
"29",37135,2482872.6,5758704.71,0.00169425239949516,0.00027319474900337
"30",37135,2483522.95,5758494.55,0.000936181129708419,0.00027319474900337
"31",37235,2485943.92,5758941.75,0.0012219399642212,0.000561798908133041
"32",37135,2480087.92,5758241.88,0.00058466678414894,0.00170781148543763
"33",37135,2481260.64,5757716.25,0.00126829200266292,0.00104889137932278
"34",37506,2482223.88,5758021.04,0.00105859030764844,0.000618306707413697
"35",37722,2483083.84,5757896.39,0.000362644757136972,0.000102085244471246
"36",37135,2483545.32,5757873.17,0.000661120199576387,0.000102085244471246
"37",37235,2485955,5757873,0.00111312929152702,0.000590792978536087
"38",37135,2481042.84,5757063.25,0.00228326583038901,0.00126819710092767
"39",37506,2482383.43,5756983.65,0.000708178916686324,0.00108260125453092
"40",37135,2482563.14,5757000.03,0.000708178916686324,0.00108260125453092
"41",37787,2485166.66,5756378.17,0.000355551518385378,0.000508969650911132
"42",37788,2485802.43,5756636.7,0.000316840561410763,0.000495332784895369
"43",37135,2481187.7,5755979.68,0.00166956939084669,0.00141039830263382
"44",37809,2481680.03,5755965.76,0.00224606083385184,0.00141039830263382
"45",37794,2483111.52,5755824.84,0.00211542869488339,0.00110524931896524
"46",37788,2485215.4,5755576.36,0.00103720135067506,0.000582339140164419
"47",37788,2485801.61,5756025.24,0.000777179695661019,0.000390717766142182
"48",37135,2478030.76,5754709.6,0.00424256552752418,0.00304858585931374
"49",37135,2481417.94,5755027.76,0.00117166462734358,0.00123520500329847
"50",37135,2481500.17,5755062.67,0.00117166462734358,0.00123520500329847
"51",37788,2485128.15,5754890.28,0.00116296706062,0.000585468048605485
"52",37794,2482000.8,5753687.8,0.000480669918404923,0.00102568857982529
"53",37788,2484931.35,5753479.64,0.000534137526666046,0.000956830008394571
"54",37787,2481385.91,5752459.89,0.00149734429723872,0.00125110759480534
"55",37794,2481700.4,5752898,0.00072059376969766,0.00127516787131912
"56",37794,2483930.68,5752368.74,0.00159547565234739,0.00146300585930231
"57",37787,2485135,5752925,0.000873732466548029,0.000956830008394571
"58",37788,2485840.92,5752932.75,0.00110413926031085,0.000895900531808563
"59",37787,2480376.51,5751363.49,0.00343225947306987,0.00184271321754201
"60",37787,2481326.88,5752148.78,0.00153427973203551,0.00125110759480534
"61",37787,2481444.93,5752165.78,0.00153427973203551,0.00125110759480534
"62",37787,2482973.27,5751756.93,0.00197246993198756,0.00162912370701679
"63",37794,2483941.78,5752346.93,0.00159547565234739,0.00146300585930231
"64",37788,2485343.37,5752472.88,0.000910321205560496,0.00115088002536576
"65",37787,2478555.14,5750694.45,0.0042267764333534,0.00290766997243163
"66",37787,2479010.35,5750890.42,0.00363266593849774,0.00290766997243163
"67",37787,2480292.97,5750788.48,0.00405083732359586,0.00187389038753683
"68",37787,2480975,5751073,0.00239917291421489,0.00184271321754201
"69",37787,2481675.5,5750613.25,0.00149176652891002,0.00154509386585083
"70",37787,2483029.92,5751317.17,0.0025294919935381,0.00162912370701679
"71",37787,2478396.89,5749518.37,0.00717580586822033,0.00295033639545795
"72",37787,2479240.73,5749909.45,0.00197449488167694,0.00158339639827874
"73",37787,2479440.83,5749790.76,0.00233325593467926,0.00158339639827874
"74",37787,2481137.78,5750262.07,0.00254062790784878,0.00154509386585083
"75",37787,2481956.2,5749961.4,0.00272890667413411,0.00126469725928769
"76",37788,2482997.4,5749702,0.000338003537501016,0.000948209572225586
"77",37787,2478528.98,5748449.89,0.00192234646357634,0.00295215083956831
"78",37787,2478933.24,5748540.1,0.00228259325211161,0.00295215083956831
"79",37787,2480437.5,5749107.64,0.00296849296549101,0.00174818526176649
"80",37787,2481123.46,5748909.5,0.0036762240239,0.00184901103693594
"81",37787,2481987.3,5749123.9,0.00263862305784044,0.001215631466937
"82",38154,2483056.6,5748874.6,0.00102928453906578,0.000598635337266718
"83",37788,2486070.07,5748389.38,0.000770467801268785,0.000823864751622058
"84",37787,2476216.14,5747486.14,0.00216713182790749,0.0023816457614781
"85",37787,2476698.9,5747469.87,0.0012544212248562,0.00261487592733647
"86",37787,2478245.63,5747725.15,0.00317317573325063,0.00350459009172284
"87",37787,2478876.82,5747838.69,0.00312297173766336,0.00282247460913435
"88",37787,2480058.33,5748030.24,0.0014232176881306,0.00163334560149239
"89",37788,2482999.46,5747815.1,0.000511934319365697,0.000633433476707046
"90",38154,2483940.13,5748121.75,0.000640200199074422,0.000785664817823781
"91",37788,2485074.14,5747849.7,0.00148725472138243,0.000909353104848873
"92",37788,2486024.46,5747869.77,0.00112128456889525,0.00074343015494764
"93",37788,2486888.48,5747888.64,0.00210473702801286,0.00106821006136459
"94",37787,2475526.77,5747008.16,0.0028070361238366,0.00372676357651012
"95",37787,2476145.9,5746955.83,0.00201399833798184,0.00232812617980489
"96",37787,2476966.52,5746984.73,0.00193429095686612,0.00253119498962911
"97",37787,2478315.49,5747392.52,0.00390823472031613,0.00282247460913435
"98",37787,2479333.7,5746531.8,0.00337822890594195,0.0018208664018219
"99",37787,2480053.31,5747057.87,0.000494371499685235,0.0018208664018219
"100",37788,2483161.51,5747023.79,0.000713708306549701,0.000847343699741767
"101",38154,2484097.02,5746939.59,0.00234463570426938,0.00115494294503953
"102",38256,2484900.1,5746469.68,0.00197890420406593,0.00109133743031778
"103",37788,2486015.64,5746819.33,0.00058438517593829,0.000663104545797647
"104",37788,2487010.08,5746665.62,0.00191780495500932,0.000827301586433199
"105",37940,2487622.97,5746997.01,NA,NA
"106",37787,2476938.23,5745873.26,0.00185558866477263,0.00275399442585378
"107",37787,2477995.76,5745816.46,0.00588376990421847,0.00352128305656472
"108",38296,2479174.15,5746093.42,0.00249048076041292,0.00302813661971471
"109",37787,2480180.69,5745532.84,0.00186382866591089,0.0014775717891423
"110",37787,2481049.7,5745398.4,0.00134352835179957,0.00118126640122112
"111",37787,2482403.9,5745849.4,0.000832220230741291,0.00114331333348816
"112",37788,2483014.57,5746155.66,0.00155507687927389,0.00114365718468278
"113",37787,2483884.34,5745481.94,0.00201810544442407,0.000627745880874061
"114",37788,2485034.68,5745833.11,0.00149631358381007,0.000872492381047949
"115",37788,2486176.37,5745898.21,0.0027365763620537,0.000528306740003296
"116",37788,2487090.09,5745887.7,0.00112765630786533,0.000438492842486403
"117",37788,2487651.76,5746255.08,0.00416242033158903,0.000702950694920437
"118",37787,2473015.29,5744855.79,0.0053983492269473,0.00431892454556558
"119",37787,2477062.91,5744351.45,0.00434025128154137,0.00314219669943216
"120",37787,2478056.15,5744762.76,0.00138088531402926,0.00316183753151774
"121",37787,2479038.32,5744897.57,0.00354832937475391,0.00252132146706033
"122",37787,2479931.56,5744919,0.00258512011665564,0.00193846331812572
"123",37787,2481127.7,5744919.1,0.00110512248227068,0.00118126640122112
"124",37787,2482012.36,5744870.36,0.000984074006050532,0.00121841632180975
"125",37787,2482951.55,5745217.23,0.00190208262686876,0.001128491443848
"126",37787,2483934.68,5744872.48,0.00198782657706219,0.000627745880874061
"127",37787,2485101.39,5744844.52,0.000118563061775954,0.000180976653933748
"128",37787,2486054.02,5744924.73,0.00100378802321643,9.4084251491147e-05
"129",37788,2487038.45,5744848.59,0.000665995949446663,0.000375592123337239
"130",37788,2488146.44,5744502.71,NA,0.000794303699208444
"131",37787,2473144.62,5744120.94,0.00381343068783807,0.00427439299419526
"132",37787,2475313.51,5743712.3,0.0035640156371106,0.00333181023709702
"133",37787,2476240.77,5743823.74,0.0045421207419102,0.00324291824405783
"134",37787,2476950.79,5743995.2,0.00442747914661846,0.00314219669943216
"135",37787,2478236.69,5743679.08,0.00125227758954887,0.00163348325015069
"136",37787,2479000.26,5743835.06,0.00192688882249706,0.00157612191065429
"137",37787,2480017.4,5743598.52,0.00287805200527013,0.00227513804296127
"138",38415,2481063.5,5743848.5,0.00119447910957964,0.0019792879821927
"139",37787,2482073.2,5743880.5,0.00254669041425203,0.00151299415605925
"140",37787,2483053.66,5743876.52,0.00125125644364131,0.000870928378615678
"141",37787,2484119.84,5743798.5,0.000341393615500325,0.000425224167460667
"142",37787,2485023,5743835,0.00302120724779522,0.000890862901390586
"143",38376,2486050,5743860.15,0.00164455976834837,0.00101127456105122
"144",38402,2487030.96,5743911.29,0.00230259228713686,0.000928695707204503
"145",37788,2488151.04,5743852.18,0.0018177041573728,0.000794303699208444
"146",37940,2488446.25,5743642.47,0.00176413596106472,NA
"147",37787,2476236.38,5742779.24,0.00352349732596284,0.00386552528805419
"148",37787,2477040.07,5742709.14,0.00241006752877353,0.00274222508467808
"149",37787,2478018.41,5742867.33,0.00106770361274661,0.00163348325015069
"150",37787,2479094.71,5742828.79,0.000819758793696302,0.000741127213726809
"151",37787,2480023.59,5742788.41,0.0100549950465994,0.0032181989639882
"152",38415,2480999.53,5742939.11,0.0148816549184847,0.00409038086294305
"153",37787,2482100,5742957.24,0.00185914260199966,0.00274430533766427
"154",38447,2483143.51,5742942.76,0.00107380938339455,0.000635733197358071
"155",37787,2484015.32,5742923.57,0.000623375955592207,0.000755771609844903
"156",38376,2485049.11,5742813.01,0.00265800618583415,0.000846653311393845
"157",38376,2486115.78,5743078.36,0.00196191969386973,0.00146815229694239
"158",38402,2486747.85,5743083.73,0.0079397738323636,0.00169673318675129
"159",38457,2487966.64,5742826.75,0.00448208060352563,0.00177984181880774
"160",37940,2488768.64,5742447.87,0.00213000213269138,0.000742628297664506
"161",37787,2475351,5741717.2,0.00536462746419092,0.00318949936429669
"162",37787,2476416.78,5742211.13,0.00478484066529366,0.00386552528805419
"163",37787,2477358.12,5741774.94,0.00132056291255983,0.00310981995772092
"164",37787,2477978.66,5741892.46,0.00205563330849368,0.00165519004805504
"165",37787,2479274.87,5742215.04,0.00526596067384358,0.0032181989639882
"166",37787,2480145.84,5741780.53,0.00762957786492844,0.00306781286330186
"167",37787,2481021.34,5741806.26,0.0257254783955691,0.00574892566754511
"168",37787,2481825.24,5742012.71,0.00470789474022208,0.0060525768040797
"169",37787,2483255.31,5741530.7,0.00149525477713826,0.00069681382687995
"170",37787,2483944.86,5741865.03,0.000368756678506328,0.000562133821055593
"171",38376,2485379,5741775,0.000937500037225984,0.00104540739012469
"172",38376,2485960.93,5741585.73,0.00165729646309736,0.00137070403266586
"173",37788,2488311.82,5742266.96,0.00263306771444976,0.000742628297664506
"174",37788,2488889.73,5741491.67,0.0016609824026157,0.000901389725291713
"175",37787,2469813.65,5740230.22,0.00290022588419458,0.00434641382229434
"176",37787,2473183.8,5740758,0.00439380855269104,0.00280270391051268
"177",37787,2473590.7,5740700,0.00442042683753524,0.00280270391051268
"178",37787,2476352.11,5740944.16,0.00585945589560132,0.00315627034303177
"179",37787,2477196.39,5740773.44,0.00702402301071313,0.00299641548913195
"180",37787,2478587.62,5740843.25,0.00312468896496712,0.00107112351337238
"181",37787,2479140.69,5740706.03,0.0028780291183064,0.00107112351337238
"182",37787,2480047.85,5740885.98,0.000553300349213183,0.00140313927920355
"183",37787,2481124.98,5740928.34,0.0070538407003394,0.00365272476174858
"184",37787,2482075.58,5740872.64,0.00256057437532859,0.00232899511489649
"185",38521,2483032.3,5740867.4,0.0015038454113552,0.00129374212174438
"186",37787,2483959.91,5740802.02,0.000935914835006352,0.000337154008297364
"187",37787,2484864.24,5740968.39,0.0015095174665759,0.000900595619440499
"188",38376,2485919.02,5740911.84,0.00387672224485293,0.000676739210522716
"189",37788,2489116.91,5740865.48,NA,NA
"190",37787,2469773.5,5740185.54,0.00290022588419458,0.00434641382229434
"191",37787,2473827.72,5740235.49,0.00236537178013903,0.00249027026970628
"192",37787,2475453.34,5739437.35,0.00353245218104739,0.00250210536391561
"193",37787,2476125.04,5739746.32,0.000500609861625573,0.00241389818403333
"194",37787,2476997.71,5739696.54,0.00143515271149931,0.00193864186873049
"195",37787,2477969,5739411.76,0.00642372078720027,0.00214881508615835
"196",37787,2479000.15,5739687.96,0.00102641641109846,0.00160202402850268
"197",37787,2480090,5739786.9,0.00203183325786385,0.000956336377876305
"198",37787,2481131.23,5739827.96,0.0021590099305286,0.00244936168430672
"199",37787,2482089.89,5739853.03,0.00174620675544372,0.00484864350578505
"200",37787,2483143.44,5739856.79,0.00459942024406941,0.00558377246226043
"201",37787,2484009.23,5739901.71,0.00153597015111962,0.00402979406775656
"202",37787,2485039.69,5739687.62,0.00139838158967045,0.00173823690839928
"203",38564,2485646.96,5739810.71,0.0019824074198474,0.00811985436825067
"204",37788,2489347.34,5740118.43,NA,0.00554886143576589
"205",37787,2473473.43,5738591.73,0.00398380271413555,0.00245041467083244
"206",37787,2474064.75,5738748.92,0.00300509460182417,0.00206880176789208
"207",37787,2475029.65,5739213.72,0.00203953321406178,0.00252870179210394
"208",37787,2476284.25,5738820.21,0.00233922457611558,0.00290733795003734
"209",37787,2477073.3,5738893.9,0.00300569099421131,0.0025199293899488
"210",37787,2478172.5,5738810.58,0.00312248073115603,0.00190994971983548
"211",37787,2479030.22,5738741.28,0.00133987583348736,0.000728072834506603
"212",37787,2480182.19,5738843.85,0.00120467676979375,0.00742634157717133
"213",37787,2480980.88,5738949.95,0.00249592267514737,0.00742634157717133
"214",37787,2481964.2,5738858.2,0.00550218911415781,0.0269396602155963
"215",37787,2483030.14,5738943.12,0.00991909387756401,0.0327531252806079
"216",37787,2483965.5,5738831.26,0.00366697970130861,0.0274549225822413
"217",38564,2484790.18,5739052.86,0.00411518299891757,0.0124212294254803
"218",38564,2485990.09,5738873.65,0.00581756854364223,0.0234844382862881
"219",38564,2486343.43,5738808.01,NA,0.0234844382862881
"220",38641,2488569.56,5738954.92,NA,0.041567320293687
"221",38641,2488857.64,5738882,NA,0.041567320293687
"222",37787,2472912.15,5737483.9,0.0034452558246673,0.00236916830296567
"223",37787,2474117.73,5737889.6,0.000910508401901547,0.00208334968428685
"224",37787,2474530.89,5738054.64,0.00138516009903377,0.00208334968428685
"225",37787,2476041.43,5737339.31,0.00606651404009271,0.0014492805597995
"226",37787,2476803.2,5737729.1,0.00253825482372834,0.00140039162098417
"227",37787,2477988.79,5737887.55,0.000457021191359866,0.0015420618646734
"228",37787,2479476.4,5737792.52,0.001435455861679,0.0217186820447404
"229",37787,2480104.04,5737913.35,0.0369352308675114,0.0330419227602459
"230",37787,2481027.73,5737725.7,0.00973372203077303,0.0469897756353608
"231",37787,2481626.93,5738197.12,0.0787311585922106,0.0469897756353608
"232",37787,2482806.5,5738258.9,0.0830660789134474,0.0734413669488934
"233",38564,2484055.62,5738435.4,0.0308935157750386,0.0274549225822413
"234",38564,2484994.99,5738040.21,0.00205668258680672,0.0416215132266022
"235",NA,2486344.09,5738154.04,0.0468313177251711,0.0374762973147961
"236",38641,2489024.78,5738399.63,0.030844087232383,0.041567320293687
"237",37787,2471319.3,5736274.89,0.00209174773988222,0.00298675288736125
"238",37787,2472701,5737041.61,0.00160241179632338,0.00267865153053412
"239",37787,2473090.84,5736768.86,0.000855011762829377,0.00199046219688366
"240",37787,2473923.79,5736652.61,0.00148360978308837,0.00203684692369152
"241",37787,2474887.87,5736949.94,0.00260855806525263,0.00244702562238685
"242",37787,2476086.43,5736912.14,0.00489413181936642,0.0014492805597995
"243",37787,2477655.03,5736763.01,0.0118794674344924,0.0155957138928434
"244",37787,2477655.03,5736763.01,0.0118794674344924,0.0155957138928434
"245",37787,2479073.19,5737033.11,0.034226021916562,0.0258374953523307
"246",38699,2481375.2,5737084.28,0.1423835925674,0.0746802106506248
"247",38699,2481375.2,5737084.28,0.1423835925674,0.0746802106506248
"248",38564,2485000.27,5737413.96,0.0451677114918606,0.0955601496168701
"249",38564,2485506.9,5737218.34,0.0204207738617935,0.0697904344259965
"250",37787,2470927.79,5735830.52,0.00148249204957595,0.00417569282622353
"251",37787,2472539.78,5736083.56,0.00128191719165706,0.00195370211299276
"252",37787,2473269.12,5736163.69,0.00224555738630742,0.00140408893894647
"253",37787,2473797.49,5735569.74,0.001706433397427,0.000686313810534062
"254",37787,2475274.25,5735891.5,0.00153195915918594,0.00146811500990241
"255",37787,2475943.57,5736196.08,0.00265429829595284,0.00838584593103379
"256",37787,2467547.65,5734809.18,0.00281711471486076,0.00391389012487113
"257",37787,2473199.69,5734827.81,0.00162456022050173,0.000686313810534062
"258",37787,2473927.18,5734739.73,0.0050712989666351,0.00368407918659973
"259",37787,2475158.96,5734841.65,0.00347909781614659,0.0101392973352846
"260",38748,2478008.05,5734394.08,0.172585824372077,0.0495802407555939
"261",37787,2474564.26,5733422.49,0.00982656734068228,0.00501806810715882
"262",37787,2474564.26,5733422.49,0.00982656734068228,0.00501806810715882
"263",38748,2477984.04,5734378.08,0.172585824372077,0.0495802407555939
"264",37787,2474596.33,5733388.66,0.0117371047162973,0.00501806810715882
"265",37787,2474396.63,5730414.52,0.00281145434232023,0.011629331788007
"266",37787,2469768.57,5729284.63,0.00107578321438877,0.00142154778316898
"267",37787,2474226.63,5729623.15,0.000434943729600259,0.0121598177425646
"268",37787,2474606.9,5730087.2,0.00189648390607249,0.0121598177425646
"269",37787,2469660.52,5729133.58,0.00107578321438877,0.00142154778316898
"270",37787,2469841.59,5729122.56,0.00107578321438877,0.00142154778316898
"271",37787,2474105.03,5728835.27,0.00162249998099822,0.0098624523711989
"272",37787,2470531.59,5727376.79,0.00223336343753848,0.0017273070524006
"273",37787,2472711.46,5727361.13,0.00195179298129498,0.0013638643572618
"274",37787,2474045.53,5727538.37,0.00219490591298068,0.0182899858530105
"275",37787,2470208.02,5726407.6,0.00248624543940698,0.00105078803098808
"276",37787,2472313.5,5727177.39,0.00134795267398917,0.0013638643572618
"277",37787,2473313.35,5726931.83,0.000359401027509955,0.00364884732545806
"278",37787,2473929.62,5727017.94,0.00113048782912524,0.0182899858530105
"279",37787,2469685.46,5725797.64,0.000569241465110139,0.00168447340627658
"280",37787,2469706.2,5725808.77,0.000569241465110139,0.00168447340627658
"281",37787,2471991.29893467,5747036.17271473,0.0052405877953516,0.00532546706564822
"282",37787,2479284.32322768,5741943.08469314,0.00351403134149648,0.00331260995938272
"283",37787,2481515.41996603,5740981.15270537,0.0110895444629562,0.00365272476174858
"284",37787,2479905.32136508,5741214.07805911,0.00549799535858472,0.00331260995938272
"285",37787,2479649.31551541,5737914.05429199,0.001435455861679,0.0217186820447404
"286",37787,2485927.35162676,5745055.09001067,0.000551497673036404,9.4084251491147e-05
"287",38705,2486542.33850091,5736368.03411454,0.15680365706971,0.116282113470862
"288",37135,2482763.37340126,5758943.19597193,0.00137926006298119,0.000899766674656698
"289",37940,2488287.7826044,5744475.61986602,NA,NA
"290",37788,2487203.35689922,5745743.09314982,0.00111315225948297,0.000438492842486403
"291",37787,2478217.32475462,5745993.11760318,0.00501951580918723,0.00352128305656472
"292",37787,2484366.34430103,5742357.07558501,0.00300402632718872,0.000716869696821883
"293",37787,2480515.33014518,5742770.08779608,0.0157679213752139,0.00266320654945193
"294",37787,2474803.97695126,5741162.15575143,0.000405749656585275,0.00318949936429669
"295",37787,2482791.33668759,5744625.09526612,0.00154466790075295,0.00151299415605925
"296",37787,2478766.30965481,5748808.0275146,0.00221680242624131,0.00295215083956831
"297",38800,2487734.60363647,5733564.18494984,NA,0.086428838156547
"298",37787,2482135.60285306,5740588.75304678,0.0013498093842154,0.00232899511489649
"299",37787,2482137.21470492,5740589.87072471,0.0013498093842154,0.00232899511489649
"300",37787,2482103.49856007,5740534.17948397,0.0013498093842154,0.00232899511489649
"301",37787,2482002.74854902,5740467.10095848,0.00112849236514849,0.00232899511489649
"302",37787,2481937.14211459,5740501.2721758,0.00112849236514849,0.00232899511489649
"303",37788,2487790.34035163,5742439.54783026,0.00552962908440249,0.00177984181880774
"304",37787,2484606.2321792,5744500.45851889,0.000259264897350227,0.000890862901390586
"305",37787,2482957.13873912,5744746.27944612,0.00161200204900364,0.001128491443848
"306",37135,2481931.57887909,5758622.06340974,0.00124619785574729,0.000899766674656698
"307",37787,2482453.73030927,5744642.03469541,0.00157309399176103,0.00151299415605925
"308",37787,2484703.29518125,5744278.61345697,0.000960377444554027,0.000890862901390586
"309",37787,2485769.02133439,5745434.66097665,0.000467935397311952,9.4084251491147e-05
"310",37787,2480314.37586834,5742502.01869977,0.0137873486134587,0.00266320654945193
"311",37787,2478658.48518295,5742541.22368096,0.00135327152939069,0.000741127213726809
"312",37135,2483006.19545452,5758404.24244176,0.000828738228538572,0.00027319474900337
"313",37506,2482391.10346782,5758215.10866123,0.000973606168509448,0.000899766674656698
"314",37135,2483166.31092456,5758488.20542383,3.95990028198951e-05,0.00027319474900337
"315",37506,2482207.809855,5758451.00029976,0.00144537438672898,0.000899766674656698
"316",37135,2481518.30923413,5758617.0011062,0.00214686601308535,0.00109437997719163
"317",37787,2480532.15190655,5742060.7738813,0.012921766677064,0.00266320654945193
"318",37787,2480665.19850853,5742139.12442991,0.012921766677064,0.00266320654945193
"319",37787,2481094.17810318,5742016.53127559,0.0257254783955691,0.0060525768040797
"320",39959,2507074.34013043,5710725.841366,NA,0.0458523239468515
"321",38692,2479577.16319223,5736900.16182309,0.0849658610800567,0.0419068056995839
"322",38667,2479722.47629798,5730479.50136342,0.0846429784244788,0.0379856223430344
"323",38667,2491494.02398737,5736536.37295503,0.103604892557885,0.0572001002496763
"324",38667,2487850.82941732,5735828.82311981,0.0996913127434815,0.0881985594158347
"325",37468,2437303.06090049,5746068.32360354,0.00744807277137139,0.00787450648345592
"326",37914,2436464.88733887,5735224.7333858,0.00507974274280936,0.00677322690343963
"327",38313,2425945.08597262,5740490.91043379,0.00896819855258687,0.00731796932425227
"328",37787,2460140.16889216,5734781.43609651,0.00431601470990386,0.00556561015072242
"329",38932,2455050.27962575,5725582.94288303,0.00390623595221313,0.00313952988188771
"330",37787,2467410.468649,5739550.35662032,0.00522037365550546,0.00464118448063072
"331",37787,2467134.62611846,5731515.12846926,0.00442967655301796,0.00499932652154402
"332",37060,2469096.89160624,5759512.75265456,0.0047742000172948,0.00470209616657815
"333",39506,2431320.9210266,5716939.15161489,0.00173309695178925,0.00440766963932568
"334",37787,2474884.97662191,5744560.24384655,0.00322309771644581,0.00335288730491765
"335",37787,2479572.25636512,5737795.54133849,0.001435455861679,0.0217186820447404
"336",37787,2481539.27443778,5745058.11424,0.000973619205617893,0.00118126640122112
"337",37787,2481624.40279026,5742479.96771108,0.0096693325986079,0.0060525768040797
"338",37787,2483668.37256018,5740013.13461199,0.00265295331773297,0.00558377246226043
"339",37787,2479320.77085389,5751717.47169792,0.00202471233387533,0.00232713192321326
"340",37787,2478979.11343265,5741094.7864098,0.00155420251805596,0.000526898146234808
"341",37787,2475722.91995822,5742664.77432209,0.00368911408951499,0.00386552528805419
"342",37787,2481125.19246301,5741814.45318294,0.0257254783955691,0.00574892566754511
"343",37787,2484582.23903826,5743502.76308823,0.0025156574268037,0.000755771609844903
"344",37788,2486481.63828514,5746115.24176828,0.00123727358242817,0.000438492842486403
"345",37787,2478718.07015232,5747793.13809919,0.00316713378567886,0.00282247460913435
"346",37787,2474914.51453231,5741340.94047794,0.000774815302408423,0.00318949936429669
"347",37788,2488524.00208598,5741598.95763675,NA,0.000901389725291713
"348",17153,2843226.38213698,6182190.42136438,0.00542623224757743,0.00137787710335083
"349",17151,2845229.86919086,6183314.40233904,0.072121614401758,0.0142994243314663
"350",14118,2947608.36671707,6268430.98307167,0.112419943096992,0.0153765325900257
"351",14004,2946956.41850799,6269712.74735662,0.00830563553184998,0.0130615174995827
"352",14004,2947161.21808679,6269945.94645291,0.00340658827751984,0.00875212801503798
"353",11939,2799557.85716444,6303375.27550822,0.0248028564197389,0.0166113008342275
"354",15202,2603012.28150608,6238098.55454295,0.0354649626084988,0.0177991252792501
"355",17027,2619413.90461498,6179266.76631098,0.0023406508094752,0.00601562386221394
"356",17153,2844965.67304465,6181603.42049609,0.0033619454772208,0.01262710701808
"357",17141,2847019.93499558,6183291.50996767,0.0459065226655278,0.0210491904241265
"358",9904,2886230.70414516,6346024.01464288,0.00355138174181361,0.0024094595442881
"359",17105,2839737.51916214,6166171.94152677,0.00217430946607444,0.000471758300096748
"360",19026,2816487.78970373,6134137.77295117,0.0334142030758217,0.0238494202979412
"361",19812,2773700.03104436,6106162.09106445,0.0122664546888291,0.0110161180593036
"362",19812,2773438.96673552,6106004.5775328,0.0145728247595539,0.0163323087319512
"363",20377,2791246.26750145,6084469.2626772,0.0615766869003821,0.00645757104554746
"364",21728,2733885.29666744,6025299.48754593,0.00767950803143968,0.00699284994992416
"365",26463,2695680.86724843,5956588.83192224,0.15857545353152,0.065236604637897
"366",32352,2496072.25632646,5853759.0100099,0.0188393219583045,0.0429499918929271
"367",51297,2316575.19214338,5475873.98363512,0.0170244821806656,0.00976969609197788
"368",24401,2533712.24869744,5992816.36328668,0.0134317394010712,0.021481383747506
"369",25695,2589885.09351619,5965464.29740954,0.000926243221921908,0.000773974546103135
"370",23230,2510797.94120613,6009123.71339949,0.00261664363503393,0.00323693707692933
"371",27384,2393472.29613335,5938089.20465672,0.002443359436216,0.00337877459501439
"372",29871,2415761.66692508,5898307.0806872,0.0109435867553893,0.0497565729366632
"373",31406,2455067.2719494,5869625.25597644,0.0257659710456614,0.193732399015761
"374",40509,2192142.65700147,5695205.03960665,0.0085372365542932,0.0145489024317493
"375",32116,2362811.08351707,5860476.68987784,0.0381447205558687,0.0535108284380211
"376",24449,2533878.12690204,5992293.86917363,0.0174332396582542,0.021481383747506
"377",33450,2343277.35327955,5830138.76711308,0.0108435959015267,0.00579256059728339
"378",22774,2485963.08758418,6012470.81292406,0.430166549325543,0.237327704734158
"379",34085,2532354.99176502,5821437.52119366,0.0227635401981839,0.0217218316327978
"380",48916,2096866.68296445,5519144.49448224,0.0119222015043532,0.0121765389360788
"381",NA,2258286.3825812,5436514.71421997,0.0160712695955094,0.0133652739825704
"382",44580,2107938.63783506,5602634.04844346,0.105030742724014,0.233582781447718
"383",14948,2753104.98550834,6242360.38874538,0.00825929590866351,0.00976642842558733
"384",28064,2398736.5069404,5929775.06405307,0.210860398516622,0.0847572014030599
"385",10552,2844754.32387786,6336161.99982656,0.140146893863919,0.0871345693332429
"386",9883,2844754.5743394,6336219.42218064,0.140146893863919,0.0871345693332429
"387",10552,2844564.76420579,6336216.05879046,0.0703728633468864,0.0266592587232441
"388",17682,2693944.38527165,6163232.57097876,0.070135062553598,0.046770952884176
"389",17332,2693446.47971004,6163211.38058789,0.093801433023452,0.0278833187735628
"390",17332,2693316.57255248,6163159.01627242,0.093801433023452,0.0278833187735628
"391",17335,2692801.26451014,6163127.10284826,0.0653800059819171,0.0278833187735628
"392",44286,2204382.18283848,5605444.87283907,0.0362783510680179,0.0281596714376967
"393",28175,2423134.04579131,5927430.31146294,0.0312941063398968,0.025557572174922
"394",18140,2750369.15468858,6152209.58777564,0.120111212809221,0.00621404452150187
"395",15512,2892867.60048152,6231700.20007281,0.00315955548693997,0.00378141210145044
"396",12499,2972766.20198523,6300906.35783489,0.0104569675024159,0.00611171538449636
"397",16908,2730872.87882623,6190285.62259321,0.00174386033881404,0.00706950478485582
"398",31283,2442476.30354361,5874490.03275382,0.0238268257727976,0.014158550762621
"399",18024,2750588.20691174,6152902.39713425,0.0820373095131118,0.0260917254933742
"400",36147,2409883.90089977,5785360.20116046,0.0719412645690604,0.161617858602739
"401",9406,2913364.77502309,6359623.86079843,0.116883325769026,0.0333826474665892
"402",19665,2716949.80033726,6111082.95653029,0.0107893130939764,0.0112209027388932
"403",45726,2212487.50974667,5567553.56047454,0.208743566962802,0.106539871637521
"404",45176,2212164.82624967,5567538.78268239,0.0499150208778263,0.106539871637521
"405",19896,2753650.85277273,6092818.30494522,0.0140645143524865,0.0103600444363966
"406",26864,2453885.59354646,5933608.47683721,0.0141236999899787,0.0842345795161699
"407",22898,2690161.09914236,6011497.63636085,0.0268920498160879,0.0487057397481034
"408",26864,2454074.52219616,5933887.67641958,0.0124277250384836,0.0156291662603354
"409",26733,2526892.16367389,5948578.16100594,0.0753422624340225,0.0393263898567436
"410",22052,2678815.42525341,6030563.26381153,0.00514827129840228,0.0183313333945638
"411",24261,2659133.73419907,5988401.79474124,0.0140990181076331,0.0275013465360855
"412",9904,2886255.31576249,6346356.20199397,0.00331314711779983,0.00275186624927381
"413",15512,2892867.05327533,6231689.11163805,0.00315955548693997,0.00378141210145044
"414",20700,2703578.53607597,6062747.16568799,0.0125890384933945,0.00870048293298484
"415",24206,2670682.40685393,5995099.9703757,0.117116859305283,0.0823039300287785
"416",22787,2510982.86516569,6010722.89573362,0.00340393512608694,0.00328514060438506
"417",24449,2533720.62722413,5992816.33635461,0.0134317394010712,0.021481383747506
"418",24506,2574229.30587645,5991618.09838922,0.0757594474258386,0.0918638797777807
"419",24658,2594438.98674547,5990390.82794292,0.0313925583652207,0.069230274289036
"420",26156,2500107.21974845,5962582.54067087,0.0513986849605856,0.0677428844725241
"421",27506,2453336.82869722,5933637.3886382,0.0955429397671893,0.0842345795161699
"422",27384,2393480.6130162,5938089.34205657,0.002443359436216,0.00337877459501439
"423",32116,2362819.54566305,5860465.75838094,0.0381447205558687,0.0535108284380211
"424",31804,2566146.19852422,5866420.28193793,0.0563756144239892,NA
"425",33450,2343277.08331565,5830149.87350011,0.0108435959015267,0.00579256059728339
"426",37787,2476316.65374002,5742906.99443927,0.00336862726551524,0.00339346804623719
"427",37787,2472659.11756284,5746398.7852841,0.00201285917589475,0.00416370883406445
"428",20318,2732096.90639012,6091233.26257015,0.00273376486762642,0.00276252342235423
"429",18278,2685452.77525346,6139282.82986255,0.00410732999789116,0.0246271176459693
"430",20384,2732105.1254962,6087789.41185301,0.0298677497298315,0.013505444748663
"431",24206,2670390.88893829,5995572.91253568,0.012436463605109,0.065909698952437
"432",22898,2673881.15296509,5998272.7810856,0.0711889678714304,0.0768503164560956
"433",24241,2669432.21212784,5994294.16597981,0.00507489793535317,NA
"434",22898,2673917.97757832,5998794.05465168,0.0180136392888888,0.0768503164560956
"435",22898,2669572.77027433,5997668.0340471,0.007482589750913,0.0281185087245376
"436",52660,2196438.540326,5448856.76860027,0.00600589954346708,0.0109657005261594
"437",35390,2393059.46191218,5805557.92133961,0.131598537254968,0.0700268500775162
"438",46186,2350147.018282,5565542.54505399,0.0257565444895524,0.0272077180438717
"439",24114,2666914.7077844,5996148.08116429,NA,NA
"440",22898,2671705.46101873,6000042.89578518,0.0956227144819483,0.0758926984680502
"441",22898,2665925.64466445,5996454.17288207,NA,0.0821931755826908
"442",22898,2670014.43037577,5995614.47157577,0.00723027343445287,0.0139327753353446
"443",23377,2672728.21171205,5998109.62714141,0.0877838039558932,0.0234311644225048
"444",23377,2670921.23261072,5995283.56976665,0.197581094358239,0.0823039300287785
"445",24114,2667548.65087223,5996378.85348592,0.00892296499271187,0.0438207356444045
"446",24206,2670481.25375604,5995104.38077551,0.0218835720201212,0.0823039300287785
"447",24206,2670674.65613272,5995511.1511441,0.0474554315425648,0.065909698952437
"448",24206,2670690.78829509,5995099.78651147,0.117116859305283,0.0823039300287785
"449",24206,2670760.03263981,5995198.24250545,0.0709220781494721,0.0823039300287785
"450",20771,2676114.39807191,6004276.62060175,0.19654462313172,0.0669384518261257
"451",24114,2667830.63191512,5996971.51588269,0.0238678432750223,0.0438207356444045
"452",24223,2673234.30202423,5992588.54449287,0.00452707114364067,0.0192107410447885
"453",24223,2673219.52523719,5992677.7429376,0.00452707114364067,0.0400563020399859
"454",24261,2658906.04010927,5989561.67367561,0.0596086985729933,0.0391857145923496
"455",24261,2658819.6442114,5989515.66774994,0.0596086985729933,0.0391857145923496
"456",24607,2658550.81722376,5990635.26654514,0.106632267314389,0.0680991726276535
"457",22898,2671276.09061036,5998452.7596154,0.00622284443040104,0.00553911252949786
"458",23453,2665343.32772197,6005901.03348634,0.0373569707212712,0.0306296842688263
"459",23380,2664317.47019434,6007033.45050407,0.0147508434047618,0.0301743752301264
"460",23453,2665300.65473609,6005868.6134058,0.0373569707212712,0.0306296842688263
"461",23268,2664378.79080977,6006754.46817109,0.0105075474473737,0.0310240115639716
"462",13370,2938309.64787651,6274504.30743349,0.00158057958197908,0.00336986891882855
"463",22898,2669655.21627812,5995677.85203206,0.00262257511266663,0.0139327753353446
"464",9699,2860249.02886723,6352430.13186093,0.00643591207770787,0.0408939315222931
"465",NA,2664414.8485268,6007374.63041792,NA,0.0301743752301264
"466",24261,2658978.47840542,5989004.79580065,0.0148382985387613,0.0391857145923496
"467",24261,2659060.63700058,5989336.36309551,NA,0.0391857145923496
"468",24607,2659035.97946103,5990617.9549087,0.0282417543886059,0.0680991726276535
"469",24261,2658966.68464405,5990482.40468191,0.0273260485671605,0.0680991726276535
"470",24261,2658810.52668184,5989396.9973303,0.0461435072692529,0.0391857145923496
"471",24926,2661370.23279726,5985156.65919896,0.0043398211409181,0.0193757895617339
"472",24733,2658461.26722466,5989526.28455418,0.120870012353701,0.0391857145923496
"473",24717,2658511.35185916,5988692.16492855,0.0479126893178935,0.0275013465360855
"474",24717,2658562.27226793,5988724.45456547,0.0479126893178935,0.0275013465360855
"475",24717,2658697.61060022,5988788.35175976,0.0208794517821967,0.0275013465360855
"476",20771,2658092.04221784,5989911.4430275,0.0440461555339191,0.0700686056051538
"477",20771,2658091.14282236,5989867.02929738,0.0440461555339191,0.0719870362719341
"478",24717,2658799.22886773,5988841.82479495,0.0208794517821967,0.0275013465360855
"479",24862,2659016.04614711,5987148.97862925,0.0388016081214922,0.0342163252166815
"480",24288,2533228.15202209,5993406.49589199,0.0547651740566457,0.0119898413486336
"481",17141,2846840.91394381,6183332.71444625,0.0734468552238105,0.0210491904241265
"482",17680,2842803.87730116,6163193.9447059,0.0261934035086964,0.0170858976058555
"483",9589,2846441.30003535,6349976.16385236,0.000688073202941638,0.000623465788576941
"484",10241,2834902.91080789,6339663.48005649,0.0171918875777915,0.00980719297496379
"485",8379,2788669.24431829,6384418.68268324,0.00688137839699511,0.00390796397395263
"486",24206,2669898.84990434,5994161.79855313,0.0177087524704314,NA
"487",22898,2669701.68044309,5997809.63302802,0.007482589750913,0.0281185087245376
"488",46401,2168356.26482496,5566159.04288149,0.108455483389929,0.113739774954685
"489",24261,2658978.47840542,5989004.79580065,0.0148382985387613,0.0391857145923496
"490",40377,2409395.05503553,5699807.7817905,0.00880104309360729,0.00572063998672476
"491",33226,2397425.70439797,5825644.61214897,0.215564227960194,0.0964905395615387
"492",39959,2507074.34013043,5710725.841366,NA,0.0458523239468515
"493",36370,2488122.73949963,5783602.04878306,0.00377039957370569,0.00927926186399068
"494",35390,2393135.72792877,5805489.22975607,0.127009694755298,0.0700268500775162
"495",24282,2672930.37611383,5994262.71239996,0.0959173534019712,0.0301881453195902
"496",32359,2379194.2836213,5852456.38675607,0.020968280104673,0.024059622311571
"497",37068,2477212.88684532,5770256.08726994,0.0180072343992216,0.0116487673690534
"498",43790,2300376.45915448,5613600.32619559,0.140842164281961,0.0364698733557795
"499",51996,2256848.49507686,5434804.98253156,0.0247654943782094,0.0140794776051187
"500",43642,2287031.37965711,5623418.4652363,0.219585888493822,0.0315475995067835
"501",21109,2784350.70800854,6053456.28314798,0.105940479232,0.0590853508813168
"502",10723,2811771.71610664,6220632.12933768,0.196393416643664,0.074399060604377
"503",20771,2671540.39725716,5999925.87931286,0.0839960110267515,0.0758926984680502
"504",24576,2520737.80728754,5979725.12847523,0.0243294760717768,0.0491441958011251
"505",37788,2484300.35467512,5747399.66650453,0.00172375094336706,0.000785664817823781
"506",25649,2585627.40309503,5973755.63312546,0.10498460792837,0.0641917392016293
"507",37787,2471991.41798191,5747035.04069208,0.0052405877953516,0.00532546706564822
"508",37787,2479284.21689048,5741942.23648419,0.00351403134149648,0.00331260995938272
"509",37787,2481515.41996603,5740981.15270537,0.0110895444629562,0.00365272476174858
"510",37787,2480292.05657285,5741625.62685281,0.0133439425614623,0.00306781286330186
"511",34085,2532488.52314599,5821507.09093789,0.0227635401981839,0.0217218316327978
"512",37787,2479905.60578865,5741213.73600892,0.00549799535858472,0.00331260995938272
"513",37787,2479649.8582692,5737913.99928032,0.001435455861679,0.0217186820447404
"514",22276,2781325.34484858,6029215.31459294,NA,0.0261668416239042
"515",38692,2479577.65653979,5736899.25396816,0.0849658610800567,0.0419068056995839
"516",48494,2029478.66569912,5528174.06176386,0.0711625665510411,0.121254132147598
"517",36968,2406320.58194816,5774862.84210496,0.0557600458653312,0.0521361886646442
"518",37360,2459823.27886481,5765941.11818742,0.0114644328265165,0.00240368860582082
"519",24717,2658587.06422038,5988637.84732617,0.0474211794905919,0.0275013465360855
"520",33445,2493849.68763825,5827524.94711247,0.00966742958259036,0.0198363407685319
"521",42429,2351124.47510417,5645252.57767257,0.287815521543871,0.130409433720457
"522",37787,2483794.90133624,5743301.88562157,0.000396147287098884,0.000755771609844903
"523",38667,2479722.47629798,5730479.50136342,0.0846429784244788,0.0379856223430344
"524",37787,2483589.66285826,5743889.94132698,0.000375589305061435,0.000870928378615678
"525",22898,2673880.57444229,5998272.74314367,0.0711889678714304,0.0768503164560956
"526",51213,2315942.33728794,5478530.87141997,0.0791374571356036,0.0680710412831117
"527",49322,2053074.60107021,5510778.42428701,0.161226891772082,0.081053275409004
"528",47844,2036826.57600262,5538807.64318556,NA,0.156436272708
"529",37468,2437388.21863669,5746030.28233901,0.00744807277137139,0.00787450648345592
"530",51007,2316815.45702115,5479865.79054378,0.0282037904287616,0.0406279309174519
"531",38969,2488000.41782202,5730764.01262332,0.0757772557311462,0.059428551087057
"532",51297,2315319.5277215,5475410.58700337,0.00676582756913778,0.053807624802659
"533",38635,2437203.16892889,5700796.7207923,0.00642335887161947,0.00498471301861063
"534",38622,2445322.7432474,5726353.41511174,0.00720177265534262,0.00502306712670428
"535",26466,2410562.7926924,5939520.62878041,0.0710694407644124,0.117242366992543
"536",51470,2313600.28155665,5475033.04036321,0.0616472592950643,0.0521299896802243
"537",19812,2773972.57531884,6106938.04925681,0.0160872438024542,0.0162659864642855
"538",46528,2220123.03869436,5546498.99103864,0.101586883603032,0.0495564674380438
"539",24736,2669140.33510806,5989086.20953215,0.158443080494994,NA
"540",21262,2747000.71195794,6047656.60638034,0.02880060601892,0.0198204886504994
"541",20574,2748819.31973318,6063473.1137113,0.0358448118528131,0.0129417586485825
"542",20969,2739044.09545646,6058337.89247788,0.0379807835933125,0.0052542938900658
"543",37254,2457816.14421487,5753806.22533483,0.00329064086282204,0.00620532710101075
"544",19669,2728978.98908417,6107068.36129884,0.0063578237506877,0.0109538897732065
"545",23377,2672680.92287515,5998120.25516359,0.0651732742502797,0.0234311644225048
"546",41213,2336164.59636856,5676501.67546782,0.013167118460145,0.0097198667956923
"547",38292,2268895.99450204,5745051.3267438,0.0687842871525571,0.0975864271754271
"548",37473,2281916.57732784,5753739.98173698,0.0802685927155327,0.0838510273812879
"549",24261,2658971.09422677,5989464.8195452,NA,0.0391857145923496
"550",38706,2252665.01737219,5736789.22938698,0.109087738941369,0.0213456960963831
"551",23052,2705419.53501219,6007174.78199457,0.013998968021121,0.030072252909286
"552",20121,2698757.00615979,6080366.17335414,0.000752019036993214,0.00220213419213122
"553",37914,2436420.5673455,5735297.24818273,0.00748907226793808,0.00677322690343963
"554",13968,2946673.45939882,6272448.10915117,0.0311696122930887,0.0373422068954408
"555",14004,2946951.39659051,6269685.22917735,0.00915625228437958,0.0130615174995827
"556",14125,2947654.28137054,6267902.37856095,0.152408834803249,NA
"557",32814,2469876.89693218,5845782.94657684,0.0571767083925554,0.0344768469059781
"558",32116,2362790.57298444,5860435.13893955,0.0381447205558687,0.0535108284380211
"559",38667,2491375.04395116,5736536.15876857,0.103604892557885,0.0572001002496763
"560",52660,2196138.20021956,5448400.20007308,0.00535577429243026,0.00360728386935966
"561",38667,2480624.6592827,5728273.85542992,0.225445633837361,0.151402762884487
"562",3927,2731413.21149391,6547054.79003298,0.059078740749596,0.0220266298550999
"563",34878,2512845.0160376,5804447.23591784,0.205018398573804,0.0418747185078032
"564",13370,2938413.35625751,6274694.32006635,0.00320960744013464,0.00336986891882855
"565",36128,2311246.48823926,5781368.99694536,0.0484868875061371,0.112932962157114
"566",37787,2475247.29570863,5735086.04656585,0.00193952377653221,0.0101392973352846
"567",24404,2575729.32919034,5992428.24157744,NA,0.0350065085799329
"568",8716,2931442.36832219,6371736.5294595,0.303469729998647,0.082062326382501
"569",17105,2839727.93459906,6166129.01324836,0.00217430946607444,0.000471758300096748
"570",40509,2192231.05256075,5695156.98756556,0.0085372365542932,0.0145489024317493
"571",37787,2477110.65050766,5738804.10264331,0.00300569099421131,0.0025199293899488
"572",22898,2680887.9038583,6005431.73157901,0.0040540841306217,0.00745021609251416
"573",33450,2343246.28646875,5830236.91752818,0.0108435959015267,NA
"574",17680,2842796.35555911,6163198.7178492,0.0261934035086964,0.0170858976058555
"575",20886,2702821.99469789,6062459.1494722,0.0107329354827122,0.00967404261742174
"576",38313,2425951.69160654,5740346.93989365,0.00904311274344532,0.00731796932425227
"577",37787,2485927.62123765,5745054.64321978,0.000551497673036404,9.4084251491147e-05
"578",32352,2496077.16975031,5853766.79599701,0.0188393219583045,0.0429499918929271
"579",20771,2676289.83164938,6004200.44321975,0.108759213369291,0.0669384518261257
"580",15850,2645365.83258265,6214862.27361253,0.012772428429531,0.00230833948596589
"581",38667,2482326.48412787,5736397.51737082,0.118414432342218,0.0924317558567815
"582",38705,2486542.3418231,5736367.07305252,0.15680365706971,0.116282113470862
"583",17027,2619480.58780312,6179244.69178092,0.00342112444157179,0.00601562386221394
"584",54390,2152162.97493714,5411686.88731779,0.0134962378106191,0.00376423302525859
"585",33226,2384942.22289256,5830032.55998779,0.0573558888889537,0.0299744536359533
"586",28175,2423021.97038424,5927225.63380543,0.039905320585852,0.0239742507652827
"587",14901,2612947.07691325,6226956.45670873,0.0152530342603016,0.0144565464420282
"588",23377,2671025.44105988,5995255.73010522,0.197581094358239,0.0709278160409778
"589",33256,2382584.52235112,5830238.45567301,0.0115783948067062,0.0711313392402344
"590",41054,2158052.84538771,5683489.65230255,0.190029804974466,0.0297279347729716
"591",41338,2172545.52561304,5673021.64905664,0.381941748938316,0.150699389361553
"592",9791,2835464.34831372,6339885.74442359,0.00564103154621215,0.00980719297496379
"593",24142,2435930.74669327,5994876.89408562,0.00286576640566841,0.00529692428519298
"594",28760,2591356.84921059,5916366.81325801,0.177199319508369,0.0533219427355424
"595",16807,2808406.67318145,6191023.45559119,0.0958097946303474,0.0697955966707462
"596",20645,2477116.74588449,6072079.60665691,0.0247207719878642,0.0111741436294074
"597",31336,2554362.93474501,5865562.35324262,0.0326901470090549,0.0404439085006323
"598",31844,2566136.79638039,5864387.47782138,NA,NA
"599",37787,2480956.66660889,5742224.81965367,0.0151746101582033,0.00266320654945193
"600",22979,2697357.90380813,6012030.59025847,0.161562369597949,0.129430441638942
"601",26763,2499580.48282914,5948198.99190326,0.0156691497577547,0.0325367132693038
"602",15360,2914570.18322521,6231932.42537319,0.216998805336793,0.0568184034012429
"603",33730,2357738.74817503,5811154.24146448,0.00918463530605978,0.0488674306248958
"604",37440,2417129.76491266,5764472.00605343,0.0224327967954039,0.0313314295304157
"605",37135,2482763.9631108,5758942.86116135,0.00137926006298119,0.000899766674656698
"606",5298,2753370.60714814,6491454.39663326,0.0749982977285089,0.0450482045639287
"607",42427,2285683.33035235,5643096.88702693,0.174083475801319,0.0898302727813871
"608",38844,2488188.6398077,5733173.66925875,NA,0.086428838156547
"609",20771,2668700.19351857,5999402.08969443,0.101856246167781,0.0625994065696838
"610",22898,2669587.9908495,5997712.13564662,0.007482589750913,0.0281185087245376
"611",20771,2668753.6964507,5998502.27919544,0.163156814859168,0.0837737570938779
"612",24114,2668728.60893582,5995602.46020295,0.00237898688868081,NA
"613",37787,2467073.59431326,5731450.62930702,0.00444778489123906,0.00499932652154402
"614",24206,2670875.32412192,5995393.07924374,0.153320456521559,0.065909698952437
"615",22898,2671554.90433216,5998413.97577051,0.00485216314759656,0.00553911252949786
"616",38844,2487792.78294225,5733253.27350698,0.118782696843942,0.086428838156547
"617",39695,2221846.24782707,5715231.74932955,0.0598271221112436,0.053302577900444
"618",38844,2486989.27443252,5733191.93448552,NA,0.0854233115044265
"619",38635,2412818.77731546,5719087.10022758,0.00887257099370082,0.00723086321211697
"620",22898,2669621.34995939,5995740.41305846,0.00262257511266663,0.0139327753353446
"621",34621,2472691.23613007,5815212.46053007,0.0312382763007704,0.0433519383085292
"622",33696,2450360.99789827,5824812.70819195,0.113596514205142,0.0584341216233659
"623",49392,2063228.08500634,5505201.54951431,0.243654600815342,0.061299713429118
"624",24120,2716385.30384682,5996636.58418507,0.00903019130349294,0.00768218427938787
"625",39819,2383055.30144259,5708182.97388422,0.0101840755507159,0.0102814905326308
"626",26864,2454149.26686135,5933894.93648765,0.0124277250384836,0.0156291662603354
"627",39693,2276216.0356888,5714932.99260055,0.242172579056549,0.22018206012327
"628",39693,2276042.44324901,5715292.08539434,0.308976751860908,0.150778732504495
"629",42011,2209145.46521927,5657300.24659364,0.0838889785083543,0.071416743963523
"630",38648,2486701.17042439,5738733.8537352,0.133135157505979,0.0427117008406353
"631",25695,2588827.38775625,5966154.43172739,0.000606750714655392,0.000473985024229177
"632",24926,2662231.07981856,5986405.1236394,0.0475615336822908,0.0151374580142612
"633",20771,2652349.623705,5996488.57369024,0.0735787910443703,NA
"634",24500,2652886.30753759,5992088.38504646,0.0740678433515702,0.0593252366828129
"635",48618,2127718.02286628,5526606.64222005,0.154305018391904,0.213990073765104
"636",7473,2754033.70525875,6372562.92485467,0.00208160418941289,0.00266599027878809
"637",18140,2748929.62033728,6151530.6515666,0.112725592659538,0.0467299692620871
"638",38955,2507899.36627406,5730009.76317355,NA,0.0639602280109332
"639",29651,2531293.33575722,5902094.35779509,0.0603078793438708,0.084730455141726
"640",37787,2479412.4860239,5740814.77288867,0.00193091553895602,0.00140313927920355
"641",50152,2138997.68410272,5493733.26596602,0.00618830132237342,0.00984606734556031
"642",23230,2510786.18367621,6009111.49827793,0.00261664363503393,0.00323693707692933
"643",37787,2481078.87127647,5745280.14840972,0.00134352835179957,0.00118126640122112
"644",39330,2482104.55218436,5722317.87428719,0.147473898594444,0.0648246766322002
"645",37787,2474370.12623584,5743922.49844766,0.00318566246256529,0.00377490744674143
"646",20990,2727992.60987266,6057442.38495605,0.0815385314608656,0.00294468669690093
"647",39356,2381240.1111344,5721313.28686198,0.0219339279391154,0.0166118107298502
"648",44580,2107945.09692447,5602581.00479827,0.105030742724014,0.233582781447718
"649",44580,2107874.83820539,5602612.28710948,0.105030742724014,0.233582781447718
"650",38393,2402271.66690174,5737393.31913871,0.0203000040633253,0.0162881427088295
"651",14432,2843360.50743388,6254148.21275492,0.244121010978132,0.120643131818037
"652",38667,2487850.82941732,5735828.82311981,0.0996913127434815,0.0881985594158347
"653",16776,2747045.4241759,6196108.57748746,0.0564055136511966,0.0163296249749268
"654",9204,2832941.33510522,6364912.52538979,0.087845006279349,0.0217006313052725
"655",11925,2905795.33614845,6308829.37532299,0.13551097142453,0.014898066147188
"656",7971,2978813.77387428,6390643.86306972,0.054169129342997,0.0264655468301154
"657",16991,2843078.02637973,6185666.04394161,0.00130028891397313,0.000614908702590461
"658",17141,2847013.79053533,6183308.4497727,0.0459065226655278,0.0210491904241265
"659",37940,2488287.77936825,5744475.62030006,NA,NA
"660",22898,2673838.58208656,5998664.09905428,0.0180136392888888,0.0768503164560956
"661",24449,2533756.72976334,5992839.54164947,0.0134317394010712,0.021481383747506
"662",17153,2843284.1360381,6182360.38351332,0.0041191699256595,0.00137787710335083
"663",17153,2845020.89313429,6181369.85464472,0.0023972829021716,0.00230131187029756
"664",24516,2532960.78353354,5990961.89955155,0.1246258576902,0.0579933526563653
"665",20771,2662702.9923546,5995598.00659375,0.0769568035505951,0.0409961832959891
"666",17151,2846683.19194735,6183604.13382091,0.0590627652250468,0.00724527297601455
"667",24288,2533185.15988174,5993324.4506546,0.0547651740566457,0.0184903183051425
"668",26431,2695770.3021634,5956790.99435532,0.231963778063241,0.0916079752416229
"669",37788,2487203.42315973,5745742.24776017,0.00111315225948297,0.000438492842486403
"670",23779,2541809.13471272,5998780.50590768,0.242414377736834,0.0800864987836417
"671",15224,2602954.56321141,6237500.89177967,0.0137161116802762,0.0177991252792501
"672",41194,2162132.89306523,5681050.51776567,NA,0.0663801327356458
"673",17141,2846746.72421892,6183187.93388569,0.0688289814639359,0.0210491904241265
"674",26463,2696235.67662523,5955155.71456522,0.216507174921045,0.137225365194972
"675",54627,2155670.4654832,5392378.39705241,0.00416655161978793,0.00196925239493404
"676",46186,2350109.9328305,5565578.33225907,0.0257565444895524,0.0260241436932169
"677",43894,2324401.71757325,5571102.71107782,0.112439517504845,0.0347276853573813
"678",37787,2482529.94120628,5751371.85024342,0.0022493497334299,0.00138469483548879
"679",9904,2886654.90342598,6345313.74576139,0.00340421269310588,0.0037435489394783
"680",16573,2583622.80874036,6194689.44656973,0.0130593186799763,0.0110939572001456
"681",37787,2482886.43203004,5738975.21555457,0.00723863233153093,0.0327531252806079
"682",51232,2323394.82634084,5477634.39220798,0.185909165129358,0.0544566690627273
"683",16746,2717743.93934987,6195798.36758038,0.0158395088491106,0.0161144773400165
"684",21387,2690993.20228057,6047958.42280958,0.00751896802117355,0.00593766333899971
"685",37443,2432013.92703115,5764166.2630333,0.0115162352449826,0.0133801532085026
"686",22052,2678864.50362047,6030535.48235572,0.00514827129840228,0.0183313333945638
"687",38667,2489873.79904074,5737698.71966408,0.146142101993654,0.0720028643757139
"688",40549,2368192.68201038,5696684.09815091,0.0291404449938925,0.0858220163442776
"689",20771,2664960.419575,6005941.34179685,0.0209945921986996,0.0306296842688263
"690",20204,2816942.61221157,6094140.44633497,0.0147302711527718,0.0215433744422471
"691",24114,2667553.51578113,5996332.09433591,0.00892296499271187,0.0438207356444045
"692",23377,2669590.31479684,5993162.10839453,NA,NA
"693",23377,2669570.80932851,5993224.42576188,NA,NA
"694",24261,2659629.25052134,5991724.15686154,NA,0.0582433815908497
"695",41909,2281955.66726132,5664602.23313605,0.0423083966840021,0.0105947069311738
"696",20318,2731472.37365434,6091953.81446575,0.00353953796698006,0.00380549516355039
"697",18855,2730198.38824144,6090446.12064796,0.00183423167359051,0.00199293161373048
"698",20200,2733752.37530088,6093960.85886885,0.00900981648057926,0.00628367607951835
"699",23324,2663767.66782904,6007470.8674336,0.0729366309182801,0.0879946699984556
"700",23268,2664389.44681946,6006742.02551057,0.0105075474473737,0.0310240115639716
"701",24261,2658661.5473199,5991218.40750122,0.301143036007435,0.0793731662473167
"702",37787,2478217.54893287,5745992.71257324,0.00501951580918723,0.00352128305656472
"703",24313,2672078.30436585,5993510.37774242,0.0325240959393752,0.0353405112612636
"704",37787,2484366.97697187,5742356.01004003,0.00300402632718872,0.000716869696821883
"705",22898,2665953.23150233,5996536.67257021,0.180259804967846,0.0821931755826908
"706",10614,2971173.04929047,6334458.55563842,0.0814449727798856,0.0325095255208941
"707",24114,2667090.36547664,5996315.42503122,0.013215576919945,0.060329537390145
"708",20771,2663287.51565254,6007202.11328475,0.121273791198036,0.0879946699984556
"709",19209,2839516.56586137,6123478.52307977,0.0590476119554342,0.0136562019377712
"710",19209,2839524.7288473,6123371.46268225,0.0590476119554342,0.0136562019377712
"711",53794,2022233.26154111,5430285.39335843,0.145398759931671,0.0563228181527919
"712",24557,2595698.15001358,5991404.57959514,0.00603183765997269,0.0325280119334826
"713",21611,2470267.16187228,6042228.45848658,0.14046186279902,0.0717843379742609
"714",46401,2168344.96834687,5566103.92092993,0.108455483389929,0.113739774954685
"715",38648,2488410.69171557,5738801.28634195,NA,0.041567320293687
"716",26108,2562496.5825446,5962834.50378697,0.0352181867483883,0.0458849004609578
"717",29871,2416093.78144307,5897967.17872376,0.0374864933189421,0.0497565729366632
"718",37787,2480515.03774978,5742769.89442406,0.0157679213752139,0.00266320654945193
"719",38667,2490376.85885522,5737310.31898015,0.182798331443852,0.0621125921601436
"720",37787,2474803.97695126,5741162.15575143,0.000405749656585275,0.00318949936429669
"721",39506,2431336.82469904,5716876.09327654,0.00253541527076514,0.00440766963932568
"722",37787,2460034.1662903,5734775.65239714,0.00431601470990386,0.00556561015072242
"723",10099,2795387.57021621,6335595.26041852,0.00745495614963099,0.00359002369892021
"724",11953,2801951.56117248,6301829.87646071,0.00175131182777679,0.00145002995693556
"725",39541,2353191.7563112,5719604.24643375,0.286210808088828,0.147221637830589
"726",24261,2659151.81850879,5988508.06340176,0.0140990181076331,0.0275013465360855
"727",53772,2083083.48288143,5436806.90469901,0.0588809103200542,NA
"728",9807,2856617.67808889,6279885.23161779,0.135456395027178,0.0623111759164603
"729",10699,2861354.09453887,6331648.5383369,0.0337402147128507,0.073118823914736
"730",37787,2478974.73085938,5744452.55662578,0.00271084890580083,0.00157612191065429
"731",38932,2449854.46702543,5710706.06999519,0.00287627177786769,0.00303908063051645
"732",35225,2503612.5752961,5807642.5154862,0.0825974434596942,0.0218149395841003
"733",24974,2663811.64120297,5985088.09319733,NA,NA
"734",47840,2030089.64028171,5536289.17796603,NA,NA
"735",26793,2599625.02696885,5947746.93632509,0.0246123872938011,0.00816533076061873
"736",24241,2669404.3400195,5993795.23367725,NA,NA
"737",37468,2431081.33621453,5756905.88441491,0.0114929403695691,0.00836077888640194
"738",37787,2482791.1202897,5744624.87096657,0.00154466790075295,0.00151299415605925
"739",31283,2442449.11995701,5874404.23177867,0.0238268257727976,0.014158550762621
"740",51297,2316609.31047365,5475849.4192489,0.0170244821806656,0.00976969609197788
"741",38932,2454975.1345507,5725590.99880947,0.00390623595221313,0.00313952988188771
"742",37060,2456125.79865815,5771482.12863274,0.00511314690855264,0.0178916874645782
"743",37787,2478766.30835858,5748808.02784193,0.00221680242624131,0.00295215083956831
"744",20771,2652683.39227011,5987279.7914246,0.140846700126908,0.0245572325172321
"745",22898,2670662.33118486,5998506.22982353,0.00965345854803353,0.0402869902790241
"746",24426,2666265.32991962,5992699.2218802,NA,NA
"747",37468,2423162.03842104,5762717.62653566,0.0217434765932368,0.0222308932979739
"748",37468,2423252.95372885,5762848.81013604,0.0163936938711341,0.0222308932979739
"749",38415,2480994.01262334,5743698.22233313,0.00210002547801577,0.00409038086294305
"750",38667,2481344.3835864,5733374.559666,0.0551638334762751,0.0372239479901227
"751",38667,2490366.45878102,5737554.39075976,0.16877579474935,NA
"752",37060,2469111.30093555,5759655.20502189,0.00381890304433421,0.00470209616657815
"753",54505,2213614.86511473,5400918.01458202,0.0334382943646142,0.00994479901700436
"754",48916,2096857.89524181,5519110.51781707,0.0119222015043532,0.0121765389360788
"755",22898,2673978.18827723,6001092.32594458,0.00596018391226905,0.00956517264102434
"756",12499,2973030.77044144,6300849.67855124,0.00950265600026002,0.00611171538449636
"757",8379,2788519.67541123,6383982.00430349,0.00361432406347925,0.00463835147701619
"758",23502,2617018.25007295,5998815.72640332,0.224022721553173,0.0845144954008901
"759",8309,2983528.91924112,6382463.85505961,0.0397638718403982,NA
"760",24261,2659157.73575528,5989167.76232189,0.0148382985387613,0.0391857145923496
"761",24261,2659358.75949412,5990847.63866371,0.0210207168458556,0.0321000720093943
"762",17577,2749785.35831517,6165701.02992524,0.0816511517050883,0.0445694874387138
"763",17572,2750294.68992247,6166039.23499315,0.0469896874096397,0.00339874522140768
"764",27372,2502112.26070058,5938275.49443512,0.271993655264891,0.203814886953566
"765",12518,2763974.44233092,6299735.163831,0.0350426216590953,0.0253229120425148
"766",41039,2306412.2282687,5685145.12710268,0.121779374400313,0.0219983995383169
"767",10706,2698569.7796118,6316719.86005504,0.0411733867031074,0.0375828986471225
"768",52749,2292898.42410665,5455834.8849696,0.0282233264810353,0.0256635034518184
"769",21460,2691089.97872569,6012054.26010032,0.107413900556028,0.0574877943755427
"770",6442,2736546.64228025,6448160.82936882,0.0307765390000604,0.0662222966549651
"771",38955,2492380.39735623,5709424.23321127,0.148996454537476,0.133469911439372
"772",22898,2685134.21419567,6009217.42897719,0.106249073106505,0.090367797392741
"773",8383,2730721.89807199,6382685.19028261,0.0874032265235749,0.0289706128863839
"774",37787,2467341.26619696,5739583.23513643,0.00522037365550546,0.00464118448063072
"775",13221,2776900.44355591,6275157.12472025,0.0132356181675829,0.0168467141327992
"776",42510,2370152.83573645,5643497.27550921,0.00875549843746469,0.00704144804906625
"777",20738,2762815.30645326,6055148.55307837,0.0233991406352492,0.0226775928807385
"778",24717,2658539.48533707,5988279.2543662,0.0586746358772935,0.0275013465360855
"779",21812,2494902.12242493,6039665.298057,0.0393488488631935,0.00207624476073824
"780",19536,2762571.76608653,6123231.38479965,0.241658457879234,0.150704867506058
"781",14811,2753897.16598163,6242607.35514701,0.00652503951882182,0.020813288495068
"782",14348,2870416.22305212,6257973.98482173,0.0613956723461218,0.0705973826189814
"783",14346,2705170.55811304,6257568.21413525,0.0188154796605817,0.0257721809877984
"784",51594,2248719.17762204,5467305.55434322,0.0662417851985624,0.0419073130971008
"785",42120,2278319.88736716,5657403.01441526,0.0107929788178921,0.0102910960351983
"786",22898,2681344.65210216,6006874.6515201,0.00650318080226223,0.0140330154766862
"787",22898,2683373.28988908,6006875.32948264,0.00857805023632653,0.0430484445243425
"788",11327,2869769.53233542,6318867.39846978,0.154279318836971,0.0564326778009508
"789",17812,2753165.02151758,6158216.25342671,0.144701430858817,0.0370960103159709
"790",14815,2662092.85633889,6229660.92470719,0.0353976270729117,0.0353139545207713
"791",24261,2658958.81454982,5990364.09871768,0.0273260485671605,0.0680991726276535
"792",13221,2779388.55684784,6281052.92229287,0.0706661296410861,0.0135233823130477
"793",35133,2485961.34607081,5804876.90437122,0.0245806216964931,0.0308247900338687
"794",17939,2788508.50256007,6154074.67897382,0.0342295584906409,0.0194117546933764
"795",23377,2671861.18469765,5995493.55251672,0.282294016197439,0.0975243912047608
"796",17789,2680139.96156356,6159293.93742555,0.0532520917634396,0.0425127582602258
"797",27384,2393546.62832815,5938071.54466923,0.00260010399772841,0.00337877459501439
"798",20377,2790994.4692713,6084188.65595383,0.0502745292579336,0.0322714606036313
"799",18543,2685027.59653937,6139306.07308331,0.00592617125896925,0.000935879791652014
"800",38028,2418033.86703744,5749341.90111301,0.0279371045408641,0.0279929476803865
"801",24223,2673258.67004231,5992553.56446032,0.0243840957596047,0.0192107410447885
"802",28004,2604559.84243118,5930455.89088255,0.0320114358082081,0.013139195777588
"803",19896,2753776.70546399,6092453.14977224,0.0194429106672468,0.00730291737474689
"804",20771,2658093.80718369,5989915.85049756,0.0440461555339191,0.0700686056051538
"805",24607,2659043.87301992,5990980.6925455,0.0292213081060657,0.0793731662473167
"806",15512,2892985.93796485,6231638.7817337,0.000706744370298291,0.00378141210145044
"807",37455,2293196.86658681,5762242.88914175,0.227941487938654,0.258615312094064
"808",36604,2295621.01130558,5768415.09356324,0.011007833613032,0.00591842237235669
"809",50545,2117917.1601515,5467462.28396126,0.083976972385416,0.0451910449350005
"810",15512,2892096.2368992,6231528.15024421,0.00261837346279885,0.00669635847433735
"811",33471,2493645.45679556,5833995.17360408,0.0206855412993859,0.014067253673251
"812",9699,2860270.61541498,6352381.40155252,0.00643591207770787,0.0408939315222931
"813",44595,2195155.45293613,5590281.89887426,0.0875269408226136,0.0994100650747465
"814",24926,2661417.6653006,5985142.34646934,0.0043398211409181,0.0193757895617339
"815",20771,2658669.94375895,5988045.78479316,0.0761608246953815,0.0307689650047473
"816",24546,2655903.62676986,5989874.3439438,0.0228528366381808,0.0414556246366094
"817",44286,2204373.11065556,5605452.23540789,0.0362783510680179,0.0281596714376967
"818",19026,2816219.35010401,6133993.03729444,0.0422821658951,0.0238494202979412
"819",21995,2732880.15390292,6025099.87885428,0.00945678642556585,0.00661483393543622
"820",39417,2398306.61747983,5706867.91772764,0.0113676647760591,0.00880713572799186
"821",32467,2514402.83164845,5843094.3317033,0.0262384609090704,0.0167124180393148
"822",36279,2325738.78338657,5790375.99002995,0.0190737381694423,0.0366551366093411
"823",26084,2539234.98820498,5954021.7282948,0.011755726212101,0.00933264808112459
"824",17748,2649676.20856843,6159648.98830165,0.00761982977814762,0.00989979295938424
"825",36279,2325714.6467115,5790064.14114297,0.0342327120642194,0.0366551366093411
