easting,northing,vs30,uncertainty
1576480.1104056418,5207643.269430228,224.85387,0.20000000298023224
1577001.152476283,5207261.8981841365,205.06209,0.20000000298023224
1573315.2514270404,5206270.351476801,164.72166,0.20000000298023224
1573808.0613481023,5206002.938663059,151.65314,0.20000000298023224
1576829.9518384219,5206767.586019354,220.53214,0.20000000298023224
1568063.6539701042,5205264.818172148,225.27951,0.20000000298023224
1570917.6063284436,5204945.384204217,185.5686,0.20000000298023224
1574075.7063837913,5205783.013726249,160.4534,0.20000000298023224
1575746.5567822068,5204782.347886098,199.89568,0.20000000298023224
1568039.906098571,5204912.944841599,227.85147,0.20000000298023224
1569631.0681774106,5204438.090523737,200.34004,0.20000000298023224
1572931.0919009948,5203959.708595668,151.51978,0.20000000298023224
1575661.8295285455,5204392.994539292,200.48517,0.20000000298023224
1575674.5745229765,5204383.997621608,213.54175,0.20000000298023224
1573064.5161786864,5202589.711794097,180.70317,0.20000000298023224
1573065.265685344,5202577.71621646,170.5126,0.20000000298023224
1574198.080353346,5201955.92897979,184.84479,0.20000000298023224
1574489.732675835,5202607.181845227,217.80423,0.20000000298023224
1572807.5678858943,5199632.311486902,209.11757,0.20000000298023224
1573821.4422438955,5200062.139968902,214.86989,0.20000000298023224
1572831.5562076732,5199410.3937683,209.66026,0.20000000298023224
1573134.6750102846,5197781.498685728,257.55875,0.20000000298023224
1575568.5031595156,5197986.400432076,196.16525,0.20000000298023224
1575589.4951098855,5197983.4013561625,194.31044,0.20000000298023224
1570248.0044868554,5197391.16048257,259.79944,0.20000000298023224
1571033.707846967,5196821.868012575,205.715,0.20000000298023224
1571930.3720938847,5196932.323058234,208.89049,0.20000000298023224
1572871.0187489798,5197086.260517395,223.61743,0.20000000298023224
1573521.2711480753,5196876.335271744,237.6489,0.20000000298023224
1575941.353046663,5197323.6486100275,171.97668,0.20000000298023224
1570087.560336538,5196623.944369349,210.73853,0.20000000298023224
1571259.8694950822,5196098.136194365,206.80559,0.20000000298023224
1572222.7587804138,5196403.019225407,198.33429,0.20000000298023224
1573082.183303957,5196278.56204492,210.64896,0.20000000298023224
1573543.5082430344,5196255.068628561,206.35316,0.20000000298023224
1575952.3383768373,5196255.054546642,190.76573,0.20000000298023224
1571041.948962786,5195445.379589752,181.46552,0.20000000298023224
1572382.1935644087,5195365.906800252,203.12097,0.20000000298023224
1572561.8756468457,5195382.400170964,201.25429,0.20000000298023224
1575164.3811676768,5194760.626948147,187.72246,0.20000000298023224
1575799.8876854642,5195019.025797394,191.10437,0.20000000298023224
1571186.8948365047,5194362.283650048,175.90121,0.20000000298023224
1571678.9592246707,5194348.78893774,208.12808,0.20000000298023224
1573109.9169721128,5194207.841676766,202.41681,0.20000000298023224
1575213.1122990665,5193959.433097928,202.04822,0.20000000298023224
1575798.8866996104,5194407.759860632,191.348,0.20000000298023224
1568031.0846157367,5193092.744038892,207.06543,0.20000000298023224
1571417.0623023205,5193411.140334021,173.32773,0.20000000298023224
1571499.281019474,5193445.627586531,169.8508,0.20000000298023224
1575125.8967447528,5193273.695842995,206.28706,0.20000000298023224
1571999.5998342668,5192071.646820615,201.30276,0.20000000298023224
1574928.9775079894,5191863.236851374,202.56708,0.20000000298023224
1571385.0946585,5190844.106540565,175.74136,0.20000000298023224
1571699.470664768,5191281.943463266,202.18306,0.20000000298023224
1573928.8707517397,5190752.658829226,196.89986,0.20000000298023224
1575132.651601722,5191308.950659227,192.2823,0.20000000298023224
1575838.3776083102,5191316.950031814,194.12605,0.20000000298023224
1570375.9914633248,5189748.010099366,165.94211,0.20000000298023224
1571326.1204479048,5190533.223470031,180.81415,0.20000000298023224
1571444.075324171,5190550.218066047,182.28604,0.20000000298023224
1572971.7448771037,5190141.386010769,194.40909,0.20000000298023224
1573939.8666823069,5190731.167127649,196.2542,0.20000000298023224
1575340.8235646647,5190857.125666265,185.89134,0.20000000298023224
1568555.4402858848,5189079.237340785,171.52542,0.20000000298023224
1569010.26555243,5189275.170525072,166.34781,0.20000000298023224
1570292.5313183502,5189173.225595738,137.34744,0.20000000298023224
1570974.2677446005,5189457.626425531,193.96523,0.20000000298023224
1571674.5063990953,5188997.808780296,176.41928,0.20000000298023224
1573028.4776921764,5189701.55449104,211.08961,0.20000000298023224
1568397.2710473419,5187903.67390393,196.15175,0.20000000298023224
1569240.69478446,5188294.54126711,180.34431,0.20000000298023224
1569440.62105326,5188176.088872762,169.80043,0.20000000298023224
1571136.9671744509,5188646.935339289,169.24567,0.20000000298023224
1571955.1579766308,5188346.560103267,224.0926,0.20000000298023224
1572996.0104908755,5188087.172451112,208.86227,0.20000000298023224
1568529.2427205287,5186835.576329761,188.72357,0.20000000298023224
1568933.3375439332,5186925.550267451,180.70593,0.20000000298023224
1570437.0037716555,5187492.862497028,164.42683,0.20000000298023224
1571122.7446913265,5187294.948631154,153.5902,0.20000000298023224
1571986.1590604847,5187509.380068813,212.03627,0.20000000298023224
1573055.0000191694,5187259.991061951,203.15843,0.20000000298023224
1576067.3295333374,5186775.219554484,197.7501,0.20000000298023224
1566217.3854512682,5185871.8931574635,193.12628,0.20000000298023224
1566699.9550842592,5185855.908027918,180.80817,0.20000000298023224
1568246.1160728098,5186110.8424757505,196.24046,0.20000000298023224
1568876.8740017593,5186224.312992756,167.61502,0.20000000298023224
1570057.919457691,5186415.763913329,200.342,0.20000000298023224
1572998.0399418497,5186200.898124523,206.71942,0.20000000298023224
1573938.4184973934,5186507.794261447,204.40501,0.20000000298023224
1575071.9791033647,5186235.416710868,182.8317,0.20000000298023224
1576021.8547530558,5186255.922391191,180.39212,0.20000000298023224
1576885.5126080522,5186274.428020127,210.05858,0.20000000298023224
1565528.1555478235,5185394.056330898,199.78098,0.20000000298023224
1566147.1755544194,5185342.088158322,209.0795,0.20000000298023224
1566967.3669808132,5185370.593737627,185.62395,0.20000000298023224
1568315.847365339,5185778.468773409,174.33195,0.20000000298023224
1569333.730084889,5184918.316112064,160.8721,0.20000000298023224
1570052.9422835691,5185444.132469741,174.48625,0.20000000298023224
1573159.991621694,5185410.206304402,203.47551,0.20000000298023224
1574095.127774738,5185325.755604096,192.23134,0.20000000298023224
1574897.821148393,5184855.9528319305,180.71045,0.20000000298023224
1576013.1245567587,5185205.834580038,192.99062,0.20000000298023224
1577006.9822656414,5185051.912363121,207.14272,0.20000000298023224
1577619.7329373185,5185383.291092502,196.05266,0.20000000298023224
1566939.1575533503,5184260.007782846,176.61682,0.20000000298023224
1567996.2588374498,5184203.05361379,163.80719,0.20000000298023224
1569174.301987556,5184479.97841938,176.74574,0.20000000298023224
1570180.4298752698,5183919.715828715,184.84416,0.20000000298023224
1571049.097688746,5183785.288185783,175.94011,0.20000000298023224
1572402.8112203386,5184236.145195967,212.24277,0.20000000298023224
1573013.0665369548,5184542.039546002,224.1679,0.20000000298023224
1573882.4904189822,5183868.818970839,186.20279,0.20000000298023224
1575032.5301750454,5184219.704469587,188.69041,0.20000000298023224
1576173.576947583,5184284.700333585,185.18176,0.20000000298023224
1577086.9632276879,5184274.221659307,198.97255,0.20000000298023224
1577648.4827121324,5184641.585813422,205.02011,0.20000000298023224
1563017.6541048905,5183242.7846394805,205.54071,0.20000000298023224
1567063.905431108,5182738.581094413,217.57079,0.20000000298023224
1568056.7655219676,5183149.9523633085,189.98212,0.20000000298023224
1569038.3860283128,5183284.428423216,175.0102,0.20000000298023224
1569931.2920819607,5183305.943811552,175.46123,0.20000000298023224
1571127.0796999214,5183305.974115042,181.4351,0.20000000298023224
1572011.2371503373,5183257.514326341,179.6756,0.20000000298023224
1572950.1120399807,5183603.901945861,198.22249,0.20000000298023224
1573932.9843191023,5183259.557706421,179.88855,0.20000000298023224
1575099.2744308438,5183231.593637835,168.28813,0.20000000298023224
1576051.3946250987,5183311.581922003,197.12643,0.20000000298023224
1577035.5031844205,5183235.632623497,185.68855,0.20000000298023224
1578143.0651568624,5182889.79281413,200.6321,0.20000000298023224
1563146.8815683885,5182508.057330235,225.3846,0.20000000298023224
1565315.0862370427,5182099.772101264,196.90247,0.20000000298023224
1566241.9832921457,5182210.75702059,194.0663,0.20000000298023224
1566951.7091904203,5182382.212085507,234.88411,0.20000000298023224
1568237.2294027365,5182066.367701101,209.39555,0.20000000298023224
1569000.43162594,5182222.33118586,175.15967,0.20000000298023224
1570017.2964733667,5181985.950964778,181.90968,0.20000000298023224
1571062.883645633,5182235.884172941,192.48439,0.20000000298023224
1572072.2392422974,5182267.898665312,193.92052,0.20000000298023224
1573052.3552423392,5182263.925262928,194.36453,0.20000000298023224
1574117.9373705545,5182185.981922524,174.83815,0.20000000298023224
1575020.828871535,5182222.488890744,186.09575,0.20000000298023224
1576047.4195922331,5182247.50260057,190.12892,0.20000000298023224
1577028.0257968118,5182299.004736084,175.56184,0.20000000298023224
1578147.5764295908,5182239.552978821,194.35391,0.20000000298023224
1578442.7115338128,5182030.1432131445,206.63222,0.20000000298023224
1566237.7704901667,5181166.648257459,205.02385,0.20000000298023224
1567040.9680754805,5181096.698749149,209.74026,0.20000000298023224
1568019.0892670683,5181255.1685680775,201.10071,0.20000000298023224
1569094.9267373143,5181216.717500045,212.45985,0.20000000298023224
1570023.3189605856,5181176.261741738,178.22583,0.20000000298023224
1570998.935102765,5181326.732962422,178.19048,0.20000000298023224
1572099.0047018235,5181344.757488279,184.15288,0.20000000298023224
1573142.0951913306,5181330.791643512,166.53557,0.20000000298023224
1574013.5015562084,5181311.3224174995,193.4582,0.20000000298023224
1575046.8442862213,5181200.8924621055,192.20518,0.20000000298023224
1576113.1618921743,5181466.313938245,192.2851,0.20000000298023224
1576744.9084052632,5181471.327617008,186.39116,0.20000000298023224
1577963.4232822093,5181214.959398292,177.975,0.20000000298023224
1578765.106946876,5180836.130651141,199.13791,0.20000000298023224
1565352.6442929914,5180105.017689117,167.33095,0.20000000298023224
1566417.9724559034,5180598.867226989,177.344,0.20000000298023224
1567358.8799590133,5180163.0616253875,183.57124,0.20000000298023224
1567979.3880036338,5180280.537522836,161.97495,0.20000000298023224
1569274.8774164103,5180602.95797327,194.67313,0.20000000298023224
1570145.5542195346,5180168.653201323,169.15259,0.20000000298023224
1571020.7121085161,5180194.671315091,182.5936,0.20000000298023224
1571824.3908441144,5180400.616366018,202.78473,0.20000000298023224
1573253.8425407857,5179918.847731014,180.94688,0.20000000298023224
1573943.0593466046,5180253.236457409,184.28987,0.20000000298023224
1575376.7408020599,5180163.311912646,183.86073,0.20000000298023224
1575958.5129524223,5179973.903238802,184.41458,0.20000000298023224
1578308.2966824716,5180655.192578248,202.84523,0.20000000298023224
1578886.0804510878,5179880.019717246,180.0788,0.20000000298023224
1559817.5190981424,5178618.352900959,245.63452,0.20000000298023224
1563186.2473293184,5179146.2962032175,216.77225,0.20000000298023224
1563593.09743015,5179088.33318659,204.01785,0.20000000298023224
1566353.2946997185,5179332.342382424,202.59218,0.20000000298023224
1567197.4791220669,5179161.936061406,181.45425,0.20000000298023224
1568587.9414011498,5179231.4594075605,173.18083,0.20000000298023224
1569140.9822375027,5179094.531944501,157.58362,0.20000000298023224
1570047.6231743023,5179274.494754676,183.03934,0.20000000298023224
1571124.4508167251,5179317.015066743,174.77376,0.20000000298023224
1572074.5793247747,5179261.068318557,153.29865,0.20000000298023224
1573030.9517129483,5179256.10103775,173.71118,0.20000000298023224
1573958.335626678,5179190.655789797,191.93857,0.20000000298023224
1574862.2199708482,5179357.117178477,190.59962,0.20000000298023224
1575916.5489939677,5179300.670384625,178.21489,0.20000000298023224
1579113.253449197,5179254.279082403,197.86664,0.20000000298023224
1559777.2859432776,5178573.867272668,244.03906,0.20000000298023224
1563830.028245079,5178624.014723533,182.00475,0.20000000298023224
1565454.9483091396,5177826.376894782,224.42552,0.20000000298023224
1566126.4295130833,5178135.286283833,183.78494,0.20000000298023224
1566998.8480514993,5178085.3379993,160.11989,0.20000000298023224
1567969.7360993216,5177800.983370038,177.48816,0.20000000298023224
1569000.575356458,5178076.91802382,150.79477,0.20000000298023224
1570089.8968842968,5178175.92103462,172.86806,0.20000000298023224
1571130.7373114533,5178216.943185368,165.74644,0.20000000298023224
1572089.1087003136,5178241.967399763,170.23106,0.20000000298023224
1573142.1913113052,5178246.002003171,194.69577,0.20000000298023224
1574007.595201174,5178290.513223327,196.95844,0.20000000298023224
1575037.6899509681,5178076.631578475,177.54152,0.20000000298023224
1575644.6919640647,5178199.601717292,184.11772,0.20000000298023224
1579343.4288252292,5178507.588732034,196.91728,0.20000000298023224
1563475.9852802912,5176980.611822882,183.82162,0.20000000298023224
1564067.0050119173,5177138.0784246735,178.52142,0.20000000298023224
1565031.6188632303,5177602.444278758,200.41577,0.20000000298023224
1566285.6582767165,5177209.143219218,185.90192,0.20000000298023224
1567074.3526852245,5177283.146303941,179.78906,0.20000000298023224
1568173.182106714,5177199.722188505,177.33463,0.20000000298023224
1569030.6015845055,5177130.783886404,170.28088,0.20000000298023224
1570182.1472449764,5177233.290173235,192.90164,0.20000000298023224
1570980.579371915,5177339.279786186,164.5333,0.20000000298023224
1571963.4448321806,5177247.3528243955,181.6769,0.20000000298023224
1573029.0186631428,5177332.358389834,173.75996,0.20000000298023224
1573963.8995609195,5177220.93575194,196.77559,0.20000000298023224
1574788.3113200075,5177442.3761005625,185.47987,0.20000000298023224
1575987.5840031435,5177262.988076574,198.32352,0.20000000298023224
1576340.9429967094,5177197.526393313,192.25317,0.20000000298023224
1578566.030920073,5177344.539139815,184.4749,0.20000000298023224
1578854.1648797214,5177271.5777561,174.67438,0.20000000298023224
1562915.0000950047,5175873.498811925,181.53586,0.20000000298023224
1564120.0252483105,5176278.902386564,184.4472,0.20000000298023224
1564533.110808543,5176443.858711835,181.45413,0.20000000298023224
1566043.0683925038,5175729.195105994,189.27417,0.20000000298023224
1566804.5078303767,5176118.579601952,162.03189,0.20000000298023224
1567989.5429605485,5176277.068868089,155.14278,0.20000000298023224
1569476.7169777171,5176182.169480403,174.45598,0.20000000298023224
1570103.9657845746,5176303.148728642,240.81691,0.20000000298023224
1571027.3597260136,5176115.260062354,156.58267,0.20000000298023224
1571626.353809231,5176586.5992528675,198.42905,0.20000000298023224
1572805.3831934563,5176648.6201503705,164.72057,0.20000000298023224
1574053.8777817702,5176825.096216118,192.37817,0.20000000298023224
1574993.0146105364,5176429.787600026,164.39864,0.20000000298023224
1576341.4648410797,5176543.789597266,164.68033,0.20000000298023224
1579021.1109204441,5176789.279702523,174.46432,0.20000000298023224
1561322.6604971115,5174664.868836913,232.82343,0.20000000298023224
1562703.851907727,5175431.153428601,193.78465,0.20000000298023224
1563093.4689622202,5175158.773751177,201.62637,0.20000000298023224
1563926.1596875465,5175042.357425827,190.59781,0.20000000298023224
1564889.778219232,5175339.790690942,177.89551,0.20000000298023224
1566088.0714554521,5175301.859721712,169.16005,0.20000000298023224
1567655.9735371335,5175152.986378456,221.14156,0.20000000298023224
1569073.6580122532,5175422.946496481,153.90182,0.20000000298023224
1571374.7489076422,5175474.525812894,233.53943,0.20000000298023224
1574998.2855252572,5175804.038406919,244.34302,0.20000000298023224
1575504.8379165928,5175608.635677272,249.64885,0.20000000298023224
1560931.3311345337,5174220.512428393,258.795,0.20000000298023224
1562542.712609532,5174473.502087315,201.10997,0.20000000298023224
1563271.6829903438,5174553.508808283,180.46858,0.20000000298023224
1563800.013921546,5173959.758252967,188.00557,0.20000000298023224
1565276.1835150472,5174281.709736318,199.88303,0.20000000298023224
1565945.161363037,5174586.125830765,175.35133,0.20000000298023224
1557552.641524119,5173199.196488947,245.09045,0.20000000298023224
1563202.5313010134,5173218.505888933,185.40617,0.20000000298023224
1563929.7594310096,5173130.077721728,192.32985,0.20000000298023224
1565161.0326151848,5173232.103048449,172.48814,0.20000000298023224
1568008.9522704151,5172784.9189200895,166.75334,0.20000000298023224
1564566.589393452,5171813.611629222,209.08069,0.20000000298023224
1567984.9625023766,5172768.923887136,169.70062,0.20000000298023224
1564598.5790447323,5171779.626353682,193.36916,0.20000000298023224
1564399.3359818358,5168806.751789694,195.49962,0.20000000298023224
1559772.9286060631,5167676.871448638,193.259,0.20000000298023224
1564229.4531774144,5168015.544819772,187.71959,0.20000000298023224
1564609.5257079694,5168479.390857642,196.85495,0.20000000298023224
1559664.9800475277,5167525.920201191,191.52373,0.20000000298023224
1559845.9126189472,5167514.937120711,191.06586,0.20000000298023224
1564107.8030530151,5167228.339523436,171.10716,0.20000000298023224
1560535.7788321208,5165770.142683847,190.72363,0.20000000298023224
1562714.9452354754,5165754.3084694985,192.32352,0.20000000298023224
1564048.416256005,5165931.83520516,173.7898,0.20000000298023224
1560212.475678685,5164800.984079755,196.1064,0.20000000298023224
1562317.111936685,5165570.8497614935,199.878,0.20000000298023224
1563316.4940097919,5165325.51665105,194.25891,0.20000000298023224
1563932.4986431974,5165411.527935925,189.37384,0.20000000298023224
1559690.2221282406,5164191.1732867295,195.639,0.20000000298023224
1559710.9633340172,5164202.670597301,178.59323,0.20000000298023224
1572133.9387879253,5178976.225699425,288.44,0.2
1572136.3989966968,5178977.506892676,261.27,0.2
1572102.1127103795,5178921.864690316,200.99,0.2
1572001.3060443234,5178854.930180938,194.51,0.2
1571935.828687079,5178888.973779603,197.31,0.2
1577786.1674073767,5180826.653769728,189.75,0.2
1574604.4126879738,5182886.663725316,205.15,0.2
1572955.5037058159,5183132.315208591,203.56,0.2
1571929.504183277,5197002.855391425,217.49,0.2
1572452.6532735734,5183028.172913013,174.0,0.2
1574701.4570025713,5182665.0316694975,180.14,0.2
1575766.6800251252,5183820.458124265,177.38,0.2
1570313.3304984542,5180888.897557003,187.54,0.2
1568658.3036197242,5180927.989214693,175.0,0.2
1573004.5132803381,5196784.818641566,169.0,0.2
1572389.7463268035,5196595.927878978,205.0,0.2
1573164.8620057583,5196868.916619647,195.47,0.2
1572205.8507883225,5196831.571520558,197.0,0.2
1571516.6804051073,5196997.738697969,206.16,0.2
1570531.0604231278,5180447.550852378,176.0,0.2
1570663.885427364,5180526.085871767,181.4,0.2
1571093.5137785394,5180403.389988994,191.67,0.2
1564886.7149976494,5182945.912819363,294.0,0.2
1569572.579248472,5176184.171378869,222.0,0.2
1571538.1020533894,5183443.790561954,160.0,0.2
1571622.9904250165,5180867.014684107,211.0,0.2
1573666.0469073427,5178401.13933416,183.0,0.2
1569320.651810969,5190100.75909926,223.0,0.2
1568979.423673776,5179482.240176243,188.0,0.2
1565724.0546641422,5181051.36222689,297.0,0.2
1571123.973934827,5180201.433519009,192.0,0.2
1574579.812346142,5181889.275117132,186.0,0.2
1576478.5800884133,5184500.8367254585,202.0,0.2
1568717.7597155822,5186177.868324851,188.0,0.2
1564915.8441515071,5179727.894130837,324.0,0.2
1578520.0734299524,5179986.3797678985,184.0,0.2
1933261.1379653357,5620565.339633845,176.0,0.1
1935265.3118677852,5621691.48557128,440.0,0.2
2037740.0031014914,5706989.571752057,480.0,0.5
2037085.6715481293,5708273.148003739,162.0,0.1
2037290.4179509163,5708507.089220824,138.0,0.2
1692922.4476186347,5676345.120812586,350.0,0.5
1709359.8301775365,5617533.1717603,210.0,0.2
1935001.7193371833,5619978.385628943,230.0,0.2
1935001.7193371833,5619978.385628943,230.0,0.2
1937056.9794681862,5621669.22788468,268.0,0.5
1937056.9794681862,5621669.22788468,268.0,0.5
1929774.166243971,5604530.5013358295,196.0,0.1
1906510.6771276172,5572463.852657511,495.0,0.5
1863699.7678110544,5544465.705241404,367.0,0.5
1863439.3863271256,5544308.156455677,403.0,0.5
1881255.4117447608,5522762.473670704,800.0,0.5
1823869.676280013,5463577.598439129,314.0,0.5
1823869.676280013,5463577.598439129,314.0,0.5
1785647.9064536872,5394870.850425519,511.0,0.5
1586072.1880704768,5292104.49645148,280.0,0.5
1406787.8878486883,4914224.682165753,140.0,0.2
1623714.8648028264,5431110.6992155695,335.0,0.5
1679870.1771010843,5403762.608218076,235.0,0.5
1679870.1771010843,5403762.608218076,235.0,0.5
1600809.508690192,5447413.139071034,300.0,0.5
1483521.635977215,5376422.41713971,300.0,0.5
1483521.635977215,5376422.41713971,300.0,0.5
1505795.1975390413,5336649.351821598,333.0,0.5
1545083.5497502051,5307970.412524968,391.0,0.5
1623880.5722721622,5430588.413783283,340.0,0.5
1433314.0951316005,5268511.732338644,278.0,0.5
1186830.183307779,4957213.881968763,298.0,0.5
1348556.877612992,4874759.946376559,400.0,0.5
1843034.072593586,5680727.131573309,200.0,0.5
1488782.5076864646,5368110.009718684,1000.0,0.5
1934655.3137796645,5774703.108301387,350.0,0.5
1934656.3296435664,5774760.333485064,350.0,0.5
1934465.815657672,5774756.72294424,350.0,0.5
1783403.1951368046,5601513.074277606,800.0,0.5
1294402.9247768028,5043728.688554745,326.0,0.5
1982936.5818952057,5670158.8658513585,155.0,0.2
1532497.6027395104,5312835.636335555,465.0,0.5
2003322.9807607199,5798299.041400409,522.0,0.5
1806928.45466471,5549379.880538124,387.0,0.5
1302221.1243402138,5005797.046287296,520.0,0.5
1843643.124695723,5531114.524923219,290.0,0.5
1543911.2301070786,5371931.968611631,500.0,0.5
1780138.1946613402,5449779.628882578,506.0,0.5
1544100.4637881033,5372211.30531271,500.0,0.5
1616893.8326119266,5386887.445659047,367.0,0.5
1749109.1364537554,5426688.270688282,245.0,0.2
1982936.0453362134,5670147.852616031,155.0,0.2
1760658.4119862875,5433384.82110907,350.0,0.2
1600994.170963388,5449011.739130934,210.0,0.5
1623723.810924404,5431110.670048186,335.0,0.5
1684425.044011992,5428682.743942303,400.0,0.5
1590120.134259892,5400889.600596598,390.0,0.5
1543363.3585505255,5371961.10497881,280.0,0.5
1483529.2473754047,5376422.541110823,300.0,0.5
1505795.1975390413,5336649.351821598,333.0,0.5
1452859.037384851,5298829.36002442,210.0,0.5
1656124.2654568832,5304751.2075204365,500.0,0.5
1433313.8295506714,5268522.7463651765,278.0,0.5
1562661.1330731516,5184783.656411396,400.0,0.5
1822081.826856841,5529526.948262941,341.0,0.5
1775417.5318064517,5577577.191729638,250.0,0.2
1822091.4135825357,5526082.346072828,283.0,0.5
1763856.7284267494,5436556.791013205,600.0,0.5
1763856.7284267494,5436556.791013205,600.0,0.5
1759407.4052418387,5432579.282400013,218.0,0.5
1763894.046507387,5437077.987015522,190.0,0.1
1483084.9642515078,5243927.933367417,300.0,0.2
1440251.4572022357,5003927.06063849,312.0,0.5
1756891.37066074,5434433.019294721,161.0,0.5
1761681.5518789259,5438327.37140148,800.0,0.5
1755902.424996067,5434739.408037709,800.0,0.5
1757524.6340654895,5434663.834323283,200.0,0.2
1760666.0848715163,5433384.651819314,350.0,0.1
1760736.0682223972,5433483.105952585,350.0,0.1
1760668.6518445117,5433385.018904032,350.0,0.1
1760666.0848715163,5433384.651819314,350.0,0.1
1757808.7672521686,5435257.238781624,189.0,0.5
1763209.608251677,5430872.989261935,120.0,0.1
1763194.9839952462,5430962.30098469,120.0,0.1
1763194.9839952462,5430962.30098469,120.0,0.1
1748882.3884627388,5427848.332647813,474.0,0.2
1748797.0924012186,5427803.049275159,474.0,0.2
1748527.2099522366,5428921.607404262,330.0,0.5
1761252.0473219557,5436737.332324193,330.0,0.2
1755320.2742438097,5444185.584296006,570.0,0.5
1755277.309692331,5444153.4489403125,570.0,0.5
1754355.585561845,5445039.437714617,275.0,0.5
2028418.5943193135,5713066.07206598,156.0,0.1
1748954.065218096,5427291.401922126,267.0,0.2
1749036.2746153735,5427622.739915527,250.0,0.5
1749011.4134780152,5428904.497977982,275.0,0.2
1748942.1568959833,5428769.06420688,250.0,0.2
1748786.972332974,5427683.351315898,358.0,0.2
1751345.9670771628,5423443.0744253285,239.0,0.2
1748436.811652859,5427812.957697224,1000.0,0.5
1748487.521471612,5426978.942657179,282.0,0.2
1748487.521471612,5426978.942657179,282.0,0.2
1748673.5449191793,5427075.130765825,291.0,0.2
1748067.5540222898,5428197.9975010045,1000.0,0.5
1748066.6482797314,5428153.528423352,1000.0,0.5
1748775.614843557,5427128.54569628,307.0,0.2
1748527.2099522366,5428921.607404262,330.0,0.5
1623231.0963033899,5431700.490963912,350.0,0.5
1936878.572315774,5621710.097484955,429.0,0.5
1932844.284864395,5601550.107673091,256.0,0.1
1924789.4605185904,5778194.532252919,320.0,0.5
1878446.8840142954,5822916.810241582,229.0,0.5
1759873.9879075803,5432446.595467728,180.0,0.1
1258372.0574466535,5004375.513119096,354.0,0.5
1748954.065218096,5427291.401922126,272.0,0.2
1597063.2183695699,5149128.053343104,435.0,0.1
1483160.8423480415,5243859.308557978,300.0,0.2
1377086.8932738176,5061763.200345515,800.0,0.5
1874354.1907609203,5491735.289986218,800.0,0.5
1761516.3585020024,5438210.270989016,1000.0,0.5
1610744.0172739122,5418024.568757103,500.0,0.5
1561993.7298890431,5185419.657117666,435.0,0.1
1569283.7682558685,5180329.272693178,197.0,0.1
1571514.6624899185,5179368.483592648,182.0,0.1
1569904.7706885799,5179600.837189907,196.0,0.1
1569649.675355343,5176302.72341664,213.0,0.1
1569576.6368497633,5175288.980869811,900.0,0.2
1119289.183274289,4966179.450961057,1500.0,0.5
1583847.3806291672,5265879.798890752,407.0,0.1
1441177.6567190604,5083633.624067213,1500.0,0.5
1571343.7247973457,5171765.064480768,1000.0,0.5
1763856.7284267494,5436556.791013205,300.0,0.5
1406150.2206763423,4916880.377399341,600.0,0.5
1142961.9312786418,4948773.247839344,1500.0,0.5
1126643.3385455017,4976846.858919515,1500.0,0.5
1527402.0028550725,5184413.956567806,515.0,0.1
1407021.2675535013,4918216.763039549,600.0,0.5
1500605.586390778,5377849.447299195,800.0,0.5
1403813.5278821022,4913379.293859863,500.0,0.2
1759115.6231991411,5427371.360563241,540.0,0.2
1762656.5039983566,5436404.436123471,1000.0,0.5
1426205.6812611222,5114877.393736264,301.0,0.5
1748946.8718947258,5427751.256896001,323.0,0.1
1342678.7182393628,5175165.612589025,1000.0,0.5
1526436.1524478323,5173684.050107835,457.0,0.1
2036798.8711287377,5711013.536401936,275.0,0.1
2037080.1736288397,5708245.829286887,162.0,0.1
2028522.1415051918,5713256.368853559,156.0,0.1
2021409.0457928842,5810462.344219023,600.0,0.5
1929764.4380240517,5604487.212857658,196.0,0.1
1770864.987485658,5443714.865632331,500.0,0.5
1433282.9771636638,5268609.74194831,278.0,0.5
1932836.6309540668,5601555.1068722,256.0,0.1
1515969.819852097,5178731.433368932,531.0,0.1
1586077.1859857584,5292112.130925215,280.0,0.5
1766266.393830488,5442484.090420501,526.0,0.5
1576539.7630215923,5174756.425086016,348.0,0.1
1709426.3604597957,5617511.0556131005,210.0,0.2
1472615.3373728907,5268604.775071032,1500.0,0.5
1248001.5173185011,5121831.326077091,800.0,0.5
1262509.9680761793,5111353.880229818,1500.0,0.5
1925350.8485534517,5778417.681296776,220.0,0.2
1898406.1203438013,5629391.361550018,760.0,0.5
1656114.225858074,5302719.267335395,800.0,0.5
2004671.4960713317,5670404.742776541,800.0,0.5
1572762.5553832543,5197323.155511011,257.0,0.1
1375728.0630670036,5081447.282155623,1000.0,0.5
1578184.9782809212,5171564.578964348,600.0,0.5
1758704.1688963983,5433887.407451638,212.0,0.1
1557078.5104509972,5169840.820365331,292.0,0.1
1760851.6764477412,5433677.584435281,400.0,0.5
1761531.5146230329,5436698.518260927,330.0,0.2
1577789.4389792224,5171644.200291397,760.0,0.5
1759597.721628933,5434025.080855909,256.0,0.1
1540373.7550680486,5263172.748256255,1000.0,0.5
1153144.6477386863,4943198.506540646,1500.0,0.5
1806362.164660619,5434913.923832686,390.0,0.5
1544175.205829066,5372218.243335941,501.0,0.5
1678813.1171472322,5404452.783857359,402.0,0.1
1752206.3983568132,5424691.537963129,274.0,0.1
1742327.289468496,5434775.354864092,1000.0,0.5
1742862.7294668294,5430375.190863299,480.0,0.5
1217722.565452089,4964727.3406564575,1500.0,0.5
1621287.901426253,5340418.429717672,600.0,0.5
1817977.6260989858,5495727.427470041,800.0,0.5
1197850.110195641,5040802.286543515,1500.0,0.5
1197780.1827556207,5040833.2302698055,600.0,0.5
1995813.5397755308,5747414.265853197,800.0,0.5
2068836.4661507958,5829494.049437642,1000.0,0.5
1933111.065299767,5624044.502761536,243.0,0.1
1578283.9296798173,5182861.841601541,189.0,0.1
1763814.3276184609,5436948.422629347,190.0,0.1
1623759.6714788862,5431133.845122685,335.0,0.5
1933299.618976751,5620542.88917589,176.0,0.1
1935057.3383227496,5619744.709839932,230.0,0.1
1622963.9193008887,5429256.938269881,550.0,0.5
1752679.1007941256,5433883.58870974,1000.0,0.5
1936720.7296437668,5621981.762478798,440.0,0.2
1623188.6565016436,5431618.468854111,350.0,0.5
1785737.1395577446,5395072.83377425,800.0,0.5
1577200.361226543,5184127.959765106,204.0,0.1
1631809.1602127505,5437072.687457406,1000.0,0.5
1936784.146754694,5621565.261592206,600.0,0.5
1786202.747202208,5393437.517182791,600.0,0.5
1413603.7188391131,4915994.898063673,1500.0,0.5
1522028.71923422,5202544.399801016,1000.0,0.5
1579869.490892265,5176087.795520465,750.0,0.5
1757530.0217516557,5434617.109437702,200.0,0.2
1749605.6559973233,5430010.424318753,210.0,0.1
1754366.8536097214,5445026.912546238,275.0,0.5
1748637.5765075793,5429504.893869674,453.0,0.1
1568217.812414332,5184377.931040938,180.0,0.1
1762053.439643587,5431795.0163588375,190.0,0.2
1574364.657632565,5180742.87950496,196.0,0.1
1755929.782295934,5434821.869258011,450.0,0.5
2061275.5282865334,5773176.160492669,1000.0,0.5
1757066.4431438572,5434600.425743214,190.0,0.2
1929559.8268588919,5561798.193160841,1000.0,0.5
1929568.2348342752,5561691.313160354,1000.0,0.5
1112189.7378513683,4868036.58773424,1000.0,0.5
1560296.0071834517,5480504.547013783,1000.0,0.5
1578407.0029205694,5177189.856161561,433.0,0.5
1570514.387148881,5181156.69008769,155.0,0.1
1580372.1375789014,5175699.515097694,900.0,0.5
1564805.8163567402,5179549.378430325,286.0,0.1
1521355.3617328038,5155267.594639531,452.0,0.1
1550041.1616888489,5173164.156259868,447.0,0.1
1443222.8707712851,5157983.922491174,1000.0,0.5
1749127.9353416397,5426794.65594586,246.0,0.1
1946599.8686034018,5718376.38476494,1000.0,0.5
1753785.9882268284,5423374.417513528,305.0,0.1
1119892.6790200607,4974315.0723115485,1000.0,0.5
1572789.4693793175,5183010.902519307,201.0,0.1
1406821.824242709,4914200.288166545,140.0,0.2
1544985.0442588774,5163982.56862013,327.0,0.1
1568766.1217071093,5187192.335739727,219.0,0.1
1756241.5363005,5430984.426666021,1000.0,0.5
1571343.7247973457,5171765.064480768,1000.0,0.5
1559114.9892383714,5198035.176004914,546.0,0.1
1303936.9972717825,4839051.286349738,800.0,0.5
1186821.642968665,4957179.696951366,298.0,0.5
1763954.664983348,5439376.20044904,510.0,0.1
1878298.7555940333,5822479.284765577,209.0,0.1
1706999.7613457164,5437104.732878837,1000.0,0.5
1749133.801255379,5427454.2277212115,292.0,0.1
1749334.4725822723,5429133.8676537,271.0,0.1
1592120.7905810946,5376591.119943702,800.0,0.5
1853854.7758441772,5738144.476213468,600.0,0.5
1781067.7255438317,5450336.41833688,800.0,0.5
1775111.247072502,5447500.183515413,500.0,0.5
1820473.2300088983,5821088.447614761,800.0,0.5
1557345.7129732147,5177970.77580421,398.0,0.1
1866814.9081646528,5713564.593820146,454.0,0.5
1852563.8634657946,5561541.820625615,800.0,0.5
1771321.6652577515,5445157.6226679655,390.0,0.1
1773350.533723805,5445158.094071483,481.0,0.1
1959724.3521234985,5757421.247840259,800.0,0.5
1748934.6160434112,5428650.584716718,286.0,0.1
1761836.5663429939,5433778.220963458,1000.0,0.5
1881003.6190632696,5522481.387581847,800.0,0.5
1774991.4604416674,5577600.117208235,250.0,0.5
1763234.4063546837,5430838.110677856,120.0,0.1
1843768.8313945755,5530749.240612602,290.0,0.5
1749020.1205860886,5429267.000457265,265.0,0.1
1983055.4534301527,5670097.452018392,155.0,0.2
1583644.7994242043,5272347.666495836,478.0,0.1
1285178.2807816046,5028545.503991575,1000.0,0.5
1751392.9430152362,5423428.960023122,229.0,0.1
1748645.5712523279,5426332.544861564,493.0,0.1
1745879.5458928086,5428161.309233531,369.0,0.1
1294392.8908715914,5043735.857463783,330.0,0.5
1604394.799153755,5281441.4520259295,504.0,0.1
1415769.847317598,5228754.712133698,270.0,0.5
1415745.9392750752,5228442.885874231,1000.0,0.5
1763891.7922499012,5947911.821771124,800.0,0.5
1571672.4343512894,5219521.4362217,800.0,0.5
1217860.054590987,4801322.917430176,1500.0,0.5
1871611.1797550423,5719918.666347025,409.0,0.5
1312188.3350512905,4980996.602622724,1000.0,0.5
1162547.5717844623,5024929.247755298,1500.0,0.5
1863412.1357900444,5624444.885677754,800.0,0.5
1280673.4071408217,5120707.468489841,1500.0,0.5
1111679.0469538865,4934105.591559098,1500.0,0.5
1700920.726892876,5377377.773039322,800.0,0.5
1124883.7642751993,4982914.8680347325,1500.0,0.5
1869646.3366439976,5466319.378193267,1000.0,0.5
1667376.5827178557,5333850.486137074,1000.0,0.5
1133425.9573950814,4994239.118030461,1500.0,0.5
1118163.9498752719,4952478.6192188235,1500.0,0.5
1105152.4569296534,4916933.135499439,1500.0,0.5
1821133.3156167374,5649542.163614012,1000.0,0.5
1151561.0392333479,5012045.6111968625,1500.0,0.5
1771641.1133702411,5908549.858790325,1000.0,0.5
1115665.7985635712,4964784.549603014,1500.0,0.5
1754273.172268514,5920355.8114716355,800.0,0.5
1413603.7188391131,4915994.898063673,1500.0,0.5
1761789.0476510944,5735640.29316182,800.0,0.5
1886806.9061766106,5745790.797576172,800.0,0.5
1751939.2319806821,5923488.6764751095,800.0,0.5
1858833.933301906,5807237.162031857,467.0,0.5
1894643.9452554034,5630577.263296254,800.0,0.5
1097104.1252765374,4894742.277356926,1500.0,0.5
1299479.1001996282,5153011.48102287,800.0,0.5
1118279.4290091554,4888824.438145566,1500.0,0.5
1769388.1400580562,5929096.615006281,1000.0,0.5
1714444.0557542732,5673951.0419378355,1000.0,0.5
2024097.4448367706,5654811.819263074,1000.0,0.1
1792041.7851885715,5891390.539774468,800.0,0.2
1757230.3286279282,5736718.982665403,800.0,0.2
1929212.3513690834,5665551.029884,800.0,0.5
2038626.9091895542,5713758.495007461,1000.0,0.5
1831413.603436417,5668885.401040837,1000.0,0.5
1783037.048920068,5479325.411088417,1000.0,0.5
1604793.224553179,5158862.555316839,1500.0,0.5
1586426.033933656,5152473.76979047,1500.0,0.5
1771390.7836787805,5909009.665906686,800.0,0.5
1654252.4231360077,6102431.112462143,1000.0,0.5
1834933.972602012,5525085.294048891,800.0,0.5
2023421.3426476351,5680461.593340348,1000.0,0.5
1985123.8531201389,5729947.460092951,800.0,0.5
1954297.4383159892,5684583.57944061,800.0,0.5
1180309.8631628943,5039368.90664646,1500.0,0.5
1175791.3245902641,5033696.224038984,1500.0,0.5
1127209.6819624756,4969292.488688087,1500.0,0.5
1126934.9093105176,4920736.180452766,1500.0,0.5
1141711.5360458833,5002056.383919992,1500.0,0.5
1587580.6899856033,6179072.605887441,1000.0,0.5
1843523.8276887266,5482096.421075864,1000.0,0.5
1831413.603436417,5668885.401040837,1000.0,0.5
1678781.7766117118,5413145.841921561,1000.0,0.5
2036344.4235116984,5762841.008426977,800.0,0.5
1790391.662858824,5925966.480189713,1000.0,0.5
1969272.9600694873,5839442.220096886,1000.0,0.5
1740120.5028621478,5911468.411897073,1000.0,0.5
1282674.8081111782,5133273.098692542,1500.0,0.5
1613756.6488596476,5340484.110310948,800.0,0.5
1757836.9127623779,5919954.342587635,800.0,0.5
1927505.0696157913,5587875.306838451,800.0,0.5
1118182.5627086628,4960753.620904213,1500.0,0.5
1802105.508527793,5815487.616865382,182.0,0.1
1751943.277232805,5923486.487605948,1000.0,0.5
1911942.715505301,5626091.942826635,1000.0,0.5
1955644.7556456355,5678083.041845532,800.0,0.5
1825314.3702487354,5628628.835269064,800.0,0.5
1753813.4432606848,5916456.516956342,584.0,0.5
1131613.7986942367,4983405.337512109,1500.0,0.5
1196775.679310991,4860753.945432734,1000.0,0.5
1951843.8249046816,5691225.76015247,1000.0,0.5
1108366.7794684467,4921238.833843185,1500.0,0.5
1125501.2590787238,4969698.081109637,1500.0,0.5
1960232.1128434557,5693952.51838329,800.0,0.5
1582682.7696511417,5326335.460967013,800.0,0.5
1141764.5012214493,5001992.468724062,1500.0,0.5
1960258.6167868823,5693951.312719256,800.0,0.5
1719121.7243399895,6046866.855684016,800.0,0.5
1415677.480916453,5228399.914334761,1000.0,0.5
1669591.4377570122,5393652.983282083,1000.0,0.5
1634266.7754787728,5343423.404950855,1000.0,0.5
1749246.2646236222,5428760.709911719,244.0,0.1
