"","x","y","Vs30","lnMeasUncer","QualityFlag","StationID","Vs30_AhdiAK_noQ3_hyb09c","stDv_AhdiAK_noQ3_hyb09c","Vs30_YongCA_noQ3","stDv_YongCA_noQ3"
"2542",1576479.57905406,5207642.1751025,224.853871,0.2,NA,NA,203.397908941125,0.512,202.125866002814,0.206820130727133
"594",1577000.69241689,5207260.63803707,205.062093,0.2,NA,NA,200.052767262449,0.512,202.125866002814,0.206820130727133
"7075",1573314.86393041,5206268.93785135,164.721668,0.2,NA,NA,197,0.31164673404789,202.125866002814,0.206820130727133
"7078",1573807.56416365,5206001.53934116,151.653131,0.2,NA,NA,197,0.31164673404789,198.64481157494,0.205256370217328
"2276",1576829.41653268,5206766.49983865,220.532135,0.2,NA,NA,198.566264471738,0.512,202.125866002814,0.206820130727133
"4869",1568063.19504186,5205263.61970792,225.279506,0.2,NA,NA,257.606167024344,0.202629769603115,202.125866002814,0.206820130727133
"6620",1570917.22776356,5204943.92064389,185.568601,0.2,NA,NA,197,0.31164673404789,202.125866002814,0.206820130727133
"7079",1574075.15954532,5205781.64727707,160.453396,0.2,NA,NA,197,0.31164673404789,202.125866002814,0.206820130727133
"2584",1575746.00957036,5204780.9364579,199.895675,0.2,NA,NA,199.129025784672,0.512,202.125866002814,0.206820130727133
"4859",1568039.39959239,5204911.52900546,227.851472,0.2,NA,NA,257.202859396932,0.202629769603115,202.125866002814,0.206820130727133
"7155",1569630.68820059,5204436.6352327,200.340039,0.2,NA,NA,197,0.31164673404789,202.125866002814,0.206820130727133
"7312",1572930.70146154,5203958.33145709,151.519777,0.2,NA,NA,197,0.31164673404789,202.125866002814,0.206820130727133
"2580",1575661.28513571,5204391.93588531,200.485175,0.2,NA,NA,201.090560461947,0.512,202.125866002814,0.206820130727133
"2581",1575674.05012316,5204382.65920133,213.541741,0.2,NA,NA,201.090560461947,0.512,202.125866002814,0.206820130727133
"7122",1573064.08405569,5202588.56584104,180.703172,0.2,NA,NA,197,0.31164673404789,198.64481157494,0.205256370217328
"7121",1573064.79364823,5202576.26047759,170.512606,0.2,NA,NA,197,0.31164673404789,198.64481157494,0.205256370217328
"5836",1574197.587629,5201954.51319505,184.844792,0.2,NA,NA,197,0.31164673404789,202.125866002814,0.206820130727133
"6914",1574489.31452936,5202606.07213966,217.804233,0.2,NA,NA,197,0.31164673404789,202.125866002814,0.206820130727133
"1772",1572807.20589738,5199631.28727801,209.117564,0.2,NA,NA,190.894693626524,0.512,202.125866002814,0.206820130727133
"4773",1573821.00325556,5200060.8972128,214.869894,0.2,NA,NA,197,0.31164673404789,202.125866002814,0.206820130727133
"2636",1572831.09558711,5199409.30141536,209.660264,0.2,NA,NA,200.698402366069,0.512,202.125866002814,0.206820130727133
"698",1573134.41353343,5197780.53031981,257.558758,0.2,NA,NA,183.062384095148,0.512,202.125866002814,0.206820130727133
"6097",1575568.11010083,5197985.21213671,196.16525,0.2,NA,NA,197,0.31164673404789,198.64481157494,0.205256370217328
"3855",1575589.10198148,5197982.21318425,194.310442,0.2,NA,NA,197,0.31164673404789,198.64481157494,0.205256370217328
"5966",1570247.75778998,5197389.7315068,259.799453,0.2,NA,NA,197,0.31164673404789,202.125866002814,0.206820130727133
"3787",1571033.43151008,5196820.68703078,205.71499,0.2,NA,NA,197,0.31164673404789,198.64481157494,0.205256370217328
"3786",1571930.08122624,5196931.31548119,208.890495,0.2,NA,NA,197,0.31164673404789,198.64481157494,0.205256370217328
"6331",1572870.74287676,5197085.27626826,223.617434,0.2,NA,NA,197,0.31164673404789,198.64481157494,0.205256370217328
"4805",1573520.8439161,5196875.19583243,237.648888,0.2,NA,NA,197,0.31164673404789,202.125866002814,0.206820130727133
"675",1575940.88277689,5197322.21670164,171.976684,0.2,NA,NA,195.423633967883,0.512,198.64481157494,0.205256370217328
"5964",1570087.11938257,5196622.62038307,210.738527,0.2,NA,NA,197,0.31164673404789,202.125866002814,0.206820130727133
"7100",1571259.39695427,5196097.19172229,206.805594,0.2,NA,NA,197,0.31164673404789,198.64481157494,0.205256370217328
"637",1572222.27015983,5196401.86717052,198.334282,0.2,NA,NA,194.191200198804,0.512,202.125866002814,0.206820130727133
"5220",1573081.9017356,5196277.26516666,210.648957,0.2,NA,NA,240,0.202629769603115,198.64481157494,0.205256370217328
"3761",1573543.20486312,5196254.05406129,206.35317,0.2,NA,NA,197,0.31164673404789,202.125866002814,0.206820130727133
"645",1575951.95485115,5196253.88098599,190.765727,0.2,NA,NA,194.621764420577,0.512,198.64481157494,0.205256370217328
"3886",1571041.68150431,5195444.43901614,181.465518,0.2,NA,NA,197,0.31164673404789,198.64481157494,0.205256370217328
"625",1572381.76093164,5195364.87342887,203.120972,0.2,NA,NA,190.779959357337,0.512,198.64481157494,0.205256370217328
"3798",1572561.40215264,5195381.24759892,201.254293,0.2,NA,NA,197,0.31164673404789,202.125866002814,0.206820130727133
"3272",1575163.91984419,5194759.63173405,187.722459,0.2,NA,NA,197,0.31164673404789,202.125866002814,0.206820130727133
"511",1575799.442649,5195018.0616208,191.104375,0.2,NA,NA,184.133721649386,0.512,202.125866002814,0.206820130727133
"6083",1571186.49131651,5194361.28181487,175.901216,0.2,NA,NA,197,0.31164673404789,202.125866002814,0.206820130727133
"2267",1571678.63359141,5194347.36972963,208.128079,0.2,NA,NA,200.739222504744,0.512,198.64481157494,0.205256370217328
"642",1573109.57547504,5194206.51028842,202.416802,0.2,NA,NA,200.209635781618,0.512,NA,NA
"2113",1575212.64236373,5193958.13336306,202.048212,0.2,NA,NA,194.01652776177,0.512,202.125866002814,0.206820130727133
"2645",1575798.62332162,5194406.83969307,191.348013,0.2,NA,NA,191.563554572886,0.512,NA,NA
"5564",1568030.75652849,5193091.65690839,207.065436,0.2,NA,NA,213.037692497227,0.31164673404789,202.125866002814,0.206820130727133
"7108",1571416.6494541,5193409.72654358,173.327732,0.2,NA,NA,197,0.31164673404789,198.64481157494,0.205256370217328
"7110",1571498.84776883,5193444.6237752,169.850802,0.2,NA,NA,197,0.31164673404789,198.64481157494,0.205256370217328
"503",1575125.42853936,5193272.32011461,206.287062,0.2,NA,NA,194.997931700371,0.512,198.64481157494,0.205256370217328
"2568",1571999.29685913,5192070.28509115,201.302766,0.2,NA,NA,187.548334823652,0.512,202.125866002814,0.206820130727133
"2362",1574928.71282399,5191862.2291431,202.56708,0.2,NA,NA,188.422444270287,0.512,202.125866002814,0.206820130727133
"7330",1571384.65639894,5190842.84081095,175.741364,0.2,NA,NA,197,0.31164673404789,202.125866002814,0.206820130727133
"2577",1571699.02036812,5191280.78590814,202.183065,0.2,NA,NA,190.926184641885,0.512,198.64481157494,0.205256370217328
"2745",1573928.44235345,5190751.75408732,196.899864,0.2,NA,NA,197.735227846034,0.512,202.125866002814,0.206820130727133
"3463",1575132.28721628,5191307.8074237,192.282308,0.2,NA,NA,197,0.31164673404789,202.125866002814,0.206820130727133
"1750",1575837.93041435,5191315.55953094,194.126049,0.2,NA,NA,194.552199010692,0.512,202.125866002814,0.206820130727133
"5863",1570375.65907343,5189746.84815267,165.942107,0.2,NA,NA,197,0.31164673404789,198.64481157494,0.205256370217328
"7332",1571325.65297618,5190531.84974902,180.814154,0.2,NA,NA,197,0.31164673404789,202.125866002814,0.206820130727133
"7335",1571443.65732823,5190548.84470588,182.286037,0.2,NA,NA,197,0.31164673404789,202.125866002814,0.206820130727133
"7039",1572971.41143543,5190140.17159863,194.409081,0.2,NA,NA,197,0.31164673404789,202.125866002814,0.206820130727133
"2747",1573939.53824445,5190729.9526947,196.254192,0.2,NA,NA,197.735227846034,0.512,202.125866002814,0.206820130727133
"1567",1575340.57918403,5190855.86622052,185.891345,0.2,NA,NA,192.903643185891,0.512,198.64481157494,0.205256370217328
"6896",1568554.99622236,5189078.03337643,171.525425,0.2,NA,NA,207.226768813294,0.31164673404789,202.125866002814,0.206820130727133
"6908",1569010.02931022,5189273.93682145,166.347813,0.2,NA,NA,197,0.31164673404789,202.125866002814,0.206820130727133
"6988",1570292.16022605,5189172.05752077,137.34745,0.2,NA,NA,197,0.31164673404789,198.64481157494,0.205256370217328
"7142",1570973.92346973,5189456.47890244,193.965224,0.2,NA,NA,197,0.31164673404789,202.125866002814,0.206820130727133
"6336",1571674.16014887,5188996.91709881,176.419275,0.2,NA,NA,197,0.31164673404789,202.125866002814,0.206820130727133
"5804",1573028.04486627,5189700.58318978,211.089609,0.2,NA,NA,197,0.31164673404789,198.64481157494,0.205256370217328
"6355",1568396.82940107,5187902.3983741,196.151756,0.2,NA,NA,213.959687463784,0.31164673404789,202.125866002814,0.206820130727133
"7359",1569240.33922722,5188293.34578492,180.344318,0.2,NA,NA,197,0.31164673404789,202.125866002814,0.206820130727133
"3258",1569440.36487293,5188174.70507561,169.800431,0.2,NA,NA,197,0.31164673404789,202.125866002814,0.206820130727133
"7337",1571136.65362665,5188645.8642,169.245659,0.2,NA,NA,197,0.31164673404789,198.64481157494,0.205256370217328
"6675",1571954.76179547,5188345.32415456,224.092602,0.2,NA,NA,197,0.31164673404789,202.125866002814,0.206820130727133
"2244",1572995.56075895,5188086.04201517,208.862275,0.2,NA,NA,184.659345918257,0.512,198.64481157494,0.205256370217328
"5546",1568528.89216496,5186834.32940634,188.723575,0.2,NA,NA,214.375140582802,0.31164673404789,198.64481157494,0.205256370217328
"5268",1568932.99530767,5186924.51394089,180.705926,0.2,NA,NA,203.928454999255,0.31164673404789,202.125866002814,0.206820130727133
"7340",1570436.66488365,5187491.8671121,164.42684,0.2,NA,NA,197,0.31164673404789,202.125866002814,0.206820130727133
"5367",1571122.36353145,5187293.81709644,153.590202,0.2,NA,NA,197,0.31164673404789,202.125866002814,0.206820130727133
"5492",1571985.86419478,5187508.15005811,212.036269,0.2,NA,NA,197,0.31164673404789,202.125866002814,0.206820130727133
"422",1573054.75149436,5187258.96638195,203.158432,0.2,NA,NA,272.512711921894,0.137013550946091,198.64481157494,0.205256370217328
"2675",1576067.04067706,5186773.98760764,197.750112,0.2,NA,NA,191.490315861328,0.512,198.64481157494,0.205256370217328
"3238",1566216.95661295,5185870.88894691,193.12628,0.2,NA,NA,276.503019053799,0.31164673404789,202.125866002814,0.206820130727133
"5722",1566699.53393845,5185854.63798753,180.808168,0.2,NA,NA,264.74820497696,0.31164673404789,198.64481157494,0.205256370217328
"6148",1568245.66771735,5186109.86005905,196.240456,0.2,NA,NA,225.318357870218,0.31164673404789,202.125866002814,0.206820130727133
"3420",1568876.61303534,5186223.37173583,167.615023,0.2,NA,NA,209.181647598262,0.31164673404789,198.64481157494,0.205256370217328
"7342",1570057.66374612,5186414.87505736,200.341991,0.2,NA,NA,197,0.31164673404789,202.125866002814,0.206820130727133
"2154",1572997.65362248,5186199.8803918,206.719422,0.2,NA,NA,188.070090844815,0.512,202.125866002814,0.206820130727133
"357",1573937.94811937,5186506.42769111,204.405021,0.2,NA,NA,272.512711921894,0.137013550946091,198.64481157494,0.205256370217328
"1719",1575071.51498702,5186234.50542208,182.831691,0.2,NA,NA,197.123865406112,0.512,202.125866002814,0.206820130727133
"1101",1576021.45714434,5186254.58365125,180.392114,0.2,NA,NA,194.684406986208,0.512,198.64481157494,0.205256370217328
"2717",1576885.13209974,5186273.46001047,210.058576,0.2,NA,NA,200.164917720819,0.512,198.64481157494,0.205256370217328
"3236",1565527.86062488,5185393.07069087,199.78098,0.2,NA,NA,296.289179118095,0.31164673404789,202.125866002814,0.206820130727133
"5807",1566146.75778391,5185340.77798772,209.079494,0.2,NA,NA,281.133526424753,0.31164673404789,202.125866002814,0.206820130727133
"5684",1566967.06517869,5185369.68966737,185.623945,0.2,NA,NA,260.571132746937,0.31164673404789,198.64481157494,0.205256370217328
"3632",1568315.50921293,5185777.35917618,174.331961,0.2,NA,NA,225.336541350948,0.31164673404789,198.64481157494,0.205256370217328
"6748",1569333.349525,5184916.99620918,160.872099,0.2,NA,NA,203.590463798346,0.31164673404789,198.64481157494,0.205256370217328
"7344",1570052.66818951,5185442.88084538,174.486255,0.2,NA,NA,197,0.31164673404789,198.64481157494,0.205256370217328
"2143",1573159.6561338,5185408.88452072,203.475514,0.2,NA,NA,190.845385849374,0.512,202.125866002814,0.206820130727133
"442",1574094.79898795,5185324.73713163,192.231332,0.2,NA,NA,272.512711921894,0.137013550946091,202.125866002814,0.206820130727133
"19",1574897.57028849,5184855.02977165,180.710445,0.2,NA,NA,171,0.5,198.64481157494,0.205256370217328
"2201",1576012.65912597,5185204.56230523,192.990616,0.2,NA,NA,189.170768823654,0.512,202.125866002814,0.206820130727133
"984",1577006.70386281,5185050.93198385,207.142715,0.2,NA,NA,199.345835925253,0.512,198.64481157494,0.205256370217328
"1973",1577619.34190473,5185382.19939542,196.052655,0.2,NA,NA,183,0.512,NA,NA
"3234",1566938.81749313,5184258.64265897,176.616818,0.2,NA,NA,266.066464178603,0.31164673404789,202.125866002814,0.206820130727133
"6756",1567995.94421632,5184201.89517123,163.807189,0.2,NA,NA,240.2331380268,0.31164673404789,202.125866002814,0.206820130727133
"473",1569173.87271522,5184478.78126879,176.745742,0.2,NA,NA,272.512711921894,0.137013550946091,202.125866002814,0.206820130727133
"3924",1570180.03784961,5183918.4456979,184.844163,0.2,NA,NA,197,0.31164673404789,198.64481157494,0.205256370217328
"4951",1571048.71276255,5183784.08140723,175.940102,0.2,NA,NA,197,0.31164673404789,198.64481157494,0.205256370217328
"4944",1572402.37065978,5184234.93907171,212.24276,0.2,NA,NA,197,0.31164673404789,198.64481157494,0.205256370217328
"704",1573012.79314202,5184541.0930061,224.167887,0.2,NA,NA,197.511780171782,0.512,198.64481157494,0.205256370217328
"3297",1573882.23512931,5183867.65945718,186.202788,0.2,NA,NA,197,0.31164673404789,198.64481157494,0.205256370217328
"1417",1575032.11013685,5184218.71586076,188.690421,0.2,NA,NA,197.176645384166,0.512,198.64481157494,0.205256370217328
"2933",1576173.34276748,5184283.81376528,185.181758,0.2,NA,NA,202.494961763418,0.512,198.64481157494,0.205256370217328
"2527",1577086.69618334,5184273.32607944,198.972557,0.2,NA,NA,194.733047818001,0.512,198.64481157494,0.205256370217328
"700",1577648.13314246,5184640.56862025,205.020105,0.2,NA,NA,206.273775879816,0.512,198.64481157494,0.205256370217328
"6104",1563017.39391367,5183241.43027009,205.540711,0.2,NA,NA,350.729586106137,0.31164673404789,202.125866002814,0.206820130727133
"4269",1567063.4970463,5182737.41882184,217.570783,0.2,NA,NA,252.79145330188,0.31164673404789,202.125866002814,0.206820130727133
"3845",1568056.34229519,5183148.60220987,189.98212,0.2,NA,NA,236.508977395404,0.31164673404789,202.125866002814,0.206820130727133
"5497",1569038.12900382,5183283.38977792,175.010199,0.2,NA,NA,217.952861211561,0.31164673404789,202.125866002814,0.206820130727133
"3493",1569931.0218274,5183304.83744117,175.461227,0.2,NA,NA,197.847087192431,0.31164673404789,198.64481157494,0.205256370217328
"4950",1571126.69519595,5183304.97092938,181.435097,0.2,NA,NA,197,0.31164673404789,198.64481157494,0.205256370217328
"3435",1572011.00949072,5183256.27396982,179.675597,0.2,NA,NA,197,0.31164673404789,202.125866002814,0.206820130727133
"3426",1572949.82051949,5183603.03155549,198.222481,0.2,NA,NA,197,0.31164673404789,202.125866002814,0.206820130727133
"3281",1573932.56983569,5183258.44246247,179.888544,0.2,NA,NA,197,0.31164673404789,198.64481157494,0.205256370217328
"6389",1575098.81582494,5183230.52170901,168.288125,0.2,NA,NA,197,0.31164673404789,198.64481157494,0.205256370217328
"3181",1576051.06256331,5183310.72143723,197.126434,0.2,NA,NA,197,0.31164673404789,198.64481157494,0.205256370217328
"2787",1577035.09817063,5183234.63362726,185.68855,0.2,NA,NA,190.264125665232,0.512,198.64481157494,0.205256370217328
"2308",1578142.64716919,5182888.91706583,200.632098,0.2,NA,NA,183,0.512,198.64481157494,0.205256370217328
"5929",1563146.70187536,5182506.86045559,225.384591,0.2,NA,NA,341.03838174038,0.31164673404789,202.125866002814,0.206820130727133
"6065",1565314.7870073,5182098.45331462,196.902459,0.2,NA,NA,286.145976978472,0.31164673404789,202.125866002814,0.206820130727133
"6030",1566241.6895116,5182209.8833021,194.066299,0.2,NA,NA,265.606155236338,0.31164673404789,202.125866002814,0.206820130727133
"5532",1566951.4318078,5182381.30175553,234.884105,0.2,NA,NA,251.186600852963,0.31164673404789,198.64481157494,0.205256370217328
"3316",1568236.84710602,5182065.34611601,209.395548,0.2,NA,NA,218.661992233582,0.31164673404789,198.64481157494,0.205256370217328
"5353",1569000.11633085,5182221.29038197,175.159661,0.2,NA,NA,203.887423990522,0.31164673404789,202.125866002814,0.206820130727133
"3490",1570016.86791952,5181984.87450906,181.909688,0.2,NA,NA,197,0.31164673404789,198.64481157494,0.205256370217328
"447",1571062.55093136,5182234.78857111,192.484385,0.2,NA,NA,272.512711921894,0.137013550946091,202.125866002814,0.206820130727133
"4883",1572071.85287843,5182266.80542094,193.920519,0.2,NA,NA,197,0.31164673404789,202.125866002814,0.206820130727133
"6446",1573051.92538352,5182262.85455259,194.364532,0.2,NA,NA,197,0.31164673404789,202.125866002814,0.206820130727133
"3649",1574117.68373326,5182184.89449108,174.838146,0.2,NA,NA,197,0.31164673404789,198.64481157494,0.205256370217328
"3874",1575020.48197938,5182221.40352189,186.095747,0.2,NA,NA,197,0.31164673404789,198.64481157494,0.205256370217328
"988",1576047.06910587,5182246.56916253,190.128925,0.2,NA,NA,197.999549251803,0.512,198.64481157494,0.205256370217328
"70",1577027.63217815,5182297.71198573,175.561848,0.2,NA,NA,173.282269077708,0.5,198.64481157494,0.205256370217328
"664",1578147.2593387,5182238.65146736,194.353912,0.2,NA,NA,198.875271919873,0.512,198.64481157494,0.205256370217328
"703",1578442.35384294,5182029.03340625,206.632225,0.2,NA,NA,198.613175901535,0.512,NA,NA
"4465",1566237.33835507,5181165.78293114,205.023852,0.2,NA,NA,256.217455988292,0.31164673404789,202.125866002814,0.206820130727133
"5034",1567040.7221843,5181095.73909242,209.740272,0.2,NA,NA,236.459031739729,0.31164673404789,198.64481157494,0.205256370217328
"7192",1568018.6789738,5181253.90268461,201.100709,0.2,NA,NA,214.853648580764,0.31164673404789,202.125866002814,0.206820130727133
"4417",1569094.56261584,5181215.41453775,212.459856,0.2,NA,NA,197,0.31164673404789,198.64481157494,0.205256370217328
"6146",1570023.08150778,5181175.08128811,178.225824,0.2,NA,NA,197,0.31164673404789,202.125866002814,0.206820130727133
"380",1570998.63394076,5181325.75370896,178.190477,0.2,NA,NA,272.512711921894,0.137013550946091,202.125866002814,0.206820130727133
"5865",1572098.669571,5181343.91074349,184.152881,0.2,NA,NA,197,0.31164673404789,198.64481157494,0.205256370217328
"496",1573141.76634689,5181329.46773876,166.535565,0.2,NA,NA,194.313443036891,0.512,202.125866002814,0.206820130727133
"3539",1574013.2295799,5181310.31065555,193.458209,0.2,NA,NA,197,0.31164673404789,198.64481157494,0.205256370217328
"1594",1575046.60874922,5181199.82398921,192.205186,0.2,NA,NA,202.235066369533,0.512,198.64481157494,0.205256370217328
"942",1576112.84233382,5181465.09581933,192.285101,0.2,NA,NA,199.545803603217,0.512,198.64481157494,0.205256370217328
"121",1576744.65681708,5181470.47985941,186.391153,0.2,NA,NA,194.315157869042,0.5,202.125866002814,0.206820130727133
"541",1577962.9583383,5181213.63453989,177.975006,0.2,NA,NA,162.892120019443,0.301033220758108,NA,NA
"1762",1578764.64003656,5180834.92886344,199.137906,0.2,NA,NA,200.270243731129,0.512,198.64481157494,0.205256370217328
"5598",1565352.33790345,5180104.1156379,167.330941,0.2,NA,NA,270.867658282815,0.31164673404789,202.125866002814,0.206820130727133
"7307",1566417.69026947,5180597.89763359,177.34399,0.2,NA,NA,247.658611442115,0.31164673404789,202.125866002814,0.206820130727133
"5405",1567358.68394455,5180161.91124897,183.571246,0.2,NA,NA,221.847386455031,0.31164673404789,198.64481157494,0.205256370217328
"6308",1567978.97928874,5180279.40888907,161.974947,0.2,NA,NA,207.54858519748,0.31164673404789,202.125866002814,0.206820130727133
"4511",1569274.67348242,5180601.9099122,194.673126,0.2,NA,NA,197,0.31164673404789,198.64481157494,0.205256370217328
"3343",1570145.31780678,5180167.60036113,169.152583,0.2,NA,NA,197,0.31164673404789,202.125866002814,0.206820130727133
"6653",1571020.47252053,5180193.35040139,182.593598,0.2,NA,NA,197,0.31164673404789,198.64481157494,0.205256370217328
"3807",1571824.04808998,5180399.74565808,202.784722,0.2,NA,NA,197,0.31164673404789,216.62368022053,0.254950975679639
"3808",1573253.56532932,5179917.97367734,180.946887,0.2,NA,NA,197,0.31164673404789,198.64481157494,0.205256370217328
"3815",1573942.82915583,5180252.19175559,184.289874,0.2,NA,NA,197,0.31164673404789,198.64481157494,0.205256370217328
"2136",1575376.39563975,5180162.24112467,183.860726,0.2,NA,NA,193.153998905806,0.512,198.64481157494,0.205256370217328
"2777",1575958.0960839,5179973.06465264,184.414574,0.2,NA,NA,198.06690433306,0.512,198.64481157494,0.205256370217328
"2560",1578308.01139466,5180654.08154812,202.845225,0.2,NA,NA,202.151037443642,0.512,202.125866002814,0.206820130727133
"1085",1578885.70451308,5179879.1240529,180.078803,0.2,NA,NA,198.086304346453,0.512,198.64481157494,0.205256370217328
"5011",1559817.14137175,5178617.45261301,245.63452,0.2,NA,NA,369.409909716152,0.31164673404789,198.64481157494,0.205256370217328
"7288",1563186.00268222,5179145.1898846,216.77225,0.2,NA,NA,312.169876029326,0.31164673404789,202.125866002814,0.206820130727133
"7282",1563592.75097527,5179087.22969459,204.017852,0.2,NA,NA,303.924598324887,0.31164673404789,202.125866002814,0.206820130727133
"7275",1566353.09468908,5179331.41254002,202.592171,0.2,NA,NA,242.573749121698,0.31164673404789,198.64481157494,0.205256370217328
"6443",1567197.05545169,5179160.79246786,181.454249,0.2,NA,NA,220.865590084923,0.31164673404789,202.125866002814,0.206820130727133
"5000",1568587.74195145,5179230.62994082,173.180839,0.2,NA,NA,197,0.31164673404789,202.125866002814,0.206820130727133
"3376",1569140.60107789,5179093.48477382,157.583611,0.2,NA,NA,197,0.31164673404789,198.64481157494,0.205256370217328
"5378",1570047.39842672,5179273.39824769,183.03934,0.2,NA,NA,197,0.31164673404789,202.125866002814,0.206820130727133
"3372",1571124.10218556,5179315.78065133,174.773756,0.2,NA,NA,197,0.31164673404789,198.64481157494,0.205256370217328
"6128",1572074.3273087,5179260.1362573,153.298638,0.2,NA,NA,197,0.31164673404789,198.64481157494,0.205256370217328
"2374",1573030.66628594,5179254.9311883,173.711183,0.2,NA,NA,197.220296387416,0.512,198.64481157494,0.205256370217328
"3814",1573957.90701408,5179189.60835282,191.938571,0.2,NA,NA,197,0.31164673404789,198.64481157494,0.205256370217328
"3273",1574861.86783945,5179355.94064579,190.599625,0.2,NA,NA,197,0.31164673404789,198.64481157494,0.205256370217328
"2278",1575916.22321186,5179299.44634857,178.214891,0.2,NA,NA,205.628155192902,0.512,202.125866002814,0.206820130727133
"561",1579112.80774568,5179253.19768005,197.866644,0.2,NA,NA,183,0.512,NA,NA
"5012",1559777.00845122,5178572.78728166,244.039064,0.2,NA,NA,369.595562902024,0.31164673404789,198.64481157494,0.205256370217328
"5892",1563829.70136986,5178622.90666706,182.00475,0.2,NA,NA,291.355902960021,0.31164673404789,198.64481157494,0.205256370217328
"4206",1565454.73486411,5177825.1444906,224.425523,0.2,NA,NA,248.624246915667,0.31164673404789,198.64481157494,0.205256370217328
"4203",1566126.16242074,5178134.02493846,183.784949,0.2,NA,NA,243.939431711914,0.31164673404789,198.64481157494,0.205256370217328
"5158",1566998.49689812,5178084.30164294,160.119881,0.2,NA,NA,223.66110329188,0.31164673404789,198.64481157494,0.205256370217328
"3467",1567969.42105005,5177799.67357362,177.488166,0.2,NA,NA,199.110765360172,0.31164673404789,202.125866002814,0.206820130727133
"3469",1569000.15621839,5178075.80814274,150.794762,0.2,NA,NA,197,0.31164673404789,198.64481157494,0.205256370217328
"6583",1570089.57364135,5178174.75266268,172.868053,0.2,NA,NA,197,0.31164673404789,202.125866002814,0.206820130727133
"4370",1571130.3902672,5178215.83661471,165.746449,0.2,NA,NA,197,0.31164673404789,202.125866002814,0.206820130727133
"4948",1572088.66820386,5178240.93257914,170.231059,0.2,NA,NA,197,0.31164673404789,198.64481157494,0.205256370217328
"3568",1573141.79700917,5178244.72940765,194.695769,0.2,NA,NA,197,0.31164673404789,198.64481157494,0.205256370217328
"4879",1574007.23769064,5178289.66193065,196.958441,0.2,NA,NA,197,0.31164673404789,198.64481157494,0.205256370217328
"3591",1575037.28906737,5178075.69385906,177.541519,0.2,NA,NA,197,0.31164673404789,202.125866002814,0.206820130727133
"189",1575644.3087082,5178198.75438453,184.117727,0.2,NA,NA,171,0.5,202.125866002814,0.206820130727133
"559",1579343.1634164,5178506.46229677,196.917288,0.2,NA,NA,183,0.512,NA,NA
"6639",1563475.62262701,5176979.75634666,183.821627,0.2,NA,NA,270.446583283022,0.31164673404789,202.125866002814,0.206820130727133
"4832",1564066.70927691,5177136.91466205,178.521419,0.2,NA,NA,261.39177997426,0.31164673404789,202.125866002814,0.206820130727133
"4212",1565031.21783449,5177601.58137394,200.415775,0.2,NA,NA,251.709506862451,0.31164673404789,202.125866002814,0.206820130727133
"3745",1566285.35181283,5177208.28000646,185.901924,0.2,NA,NA,223.146830207311,0.31164673404789,198.64481157494,0.205256370217328
"6388",1567074.09233719,5177281.97664744,179.789065,0.2,NA,NA,212.419080941276,0.31164673404789,202.125866002814,0.206820130727133
"3471",1568172.867196,5177198.73719947,177.334623,0.2,NA,NA,197,0.31164673404789,202.125866002814,0.206820130727133
"3473",1569030.25370967,5177129.50116145,170.280879,0.2,NA,NA,197,0.31164673404789,198.64481157494,0.205256370217328
"3460",1570181.76507933,5177232.07886291,192.901644,0.2,NA,NA,197,0.31164673404789,198.64481157494,0.205256370217328
"3528",1570980.13419478,5177338.16920279,164.5333,0.2,NA,NA,197,0.31164673404789,198.64481157494,0.205256370217328
"5248",1571963.0662127,5177246.49468669,181.676894,0.2,NA,NA,197,0.31164673404789,202.125866002814,0.206820130727133
"3840",1573028.57611069,5177331.42173825,173.759967,0.2,NA,NA,197,0.31164673404789,202.125866002814,0.206820130727133
"4545",1573963.56377536,5177219.64180886,196.775586,0.2,NA,NA,197,0.31164673404789,198.64481157494,0.205256370217328
"27",1574787.90226984,5177441.18221641,185.479874,0.2,NA,NA,182.84873038517,0.5,198.64481157494,0.205256370217328
"153",1575987.33092005,5177262.08731771,198.323524,0.2,NA,NA,188.802021712548,0.5,198.64481157494,0.205256370217328
"335",1576340.52897098,5177196.48634045,192.253176,0.2,NA,NA,171,0.5,NA,NA
"1557",1578565.73965564,5177343.40961643,184.474903,0.2,NA,NA,183,0.512,266.870166096091,0.4
"534",1578853.70288628,5177270.52884877,174.674382,0.2,NA,NA,183,0.512,NA,NA
"6520",1562914.61186752,5175872.32068569,181.535865,0.2,NA,NA,265.841894202119,0.31164673404789,202.125866002814,0.206820130727133
"6828",1564119.71057307,5176277.92629114,184.447197,0.2,NA,NA,246.759156765535,0.31164673404789,202.125866002814,0.206820130727133
"6833",1564532.70393373,5176442.92316486,181.454126,0.2,NA,NA,241.124506819429,0.31164673404789,202.125866002814,0.206820130727133
"6773",1566042.69535634,5175727.94278189,189.274166,0.2,NA,NA,200.422859863195,0.31164673404789,202.125866002814,0.206820130727133
"5611",1566804.15053738,5176117.61762885,162.031886,0.2,NA,NA,197,0.31164673404789,202.125866002814,0.206820130727133
"3740",1567989.27005488,5176276.06050598,155.142777,0.2,NA,NA,197,0.31164673404789,198.64481157494,0.205256370217328
"7118",1569476.29890516,5176181.13448189,174.455981,0.2,NA,NA,197,0.31164673404789,198.64481157494,0.205256370217328
"6694",1570103.68522527,5176301.94403917,240.816907,0.2,NA,NA,197,0.31164673404789,216.62368022053,0.254950975679639
"3267",1571027.01612228,5176114.40823074,156.582665,0.2,NA,NA,197,0.31164673404789,241.80869962047,0.307482445914323
"5390",1571625.9573811,5176585.66517745,198.429043,0.2,NA,NA,197,0.31164673404789,317.368444092771,0.33166247903554
"5840",1572805.05240864,5176647.4678963,164.720566,0.2,NA,NA,197,0.31164673404789,300.639538792274,0.306594194335118
"147",1574053.66219546,5176823.94507176,192.378167,0.2,NA,NA,220.35099468435,0.5,202.125866002814,0.206820130727133
"264",1574992.66625938,5176428.95070136,164.398635,0.2,NA,NA,171.480484771741,0.5,198.64481157494,0.205256370217328
"216",1576341.21169599,5176542.78379852,164.680322,0.2,NA,NA,NA,NA,NA,NA
"2832",1579020.78904382,5176788.36393241,174.464319,0.2,NA,NA,225.315658613896,0.512,NA,NA
"7137",1561322.43175946,5174663.68483827,232.823423,0.2,NA,NA,287.204621361213,0.31164673404789,202.125866002814,0.206820130727133
"6482",1562703.56533059,5175430.18827949,193.784647,0.2,NA,NA,264.615842935869,0.31164673404789,202.125866002814,0.206820130727133
"6503",1563093.27090999,5175157.5629197,201.62638,0.2,NA,NA,252.656259681355,0.31164673404789,202.125866002814,0.206820130727133
"3701",1563925.90781169,5175041.40121401,190.59781,0.2,NA,NA,233.065289873392,0.31164673404789,202.125866002814,0.206820130727133
"3716",1564889.60123193,5175338.66628443,177.895511,0.2,NA,NA,217.06548638172,0.31164673404789,202.125866002814,0.206820130727133
"6786",1566087.69882801,5175300.94092435,169.160051,0.2,NA,NA,197,0.31164673404789,202.125866002814,0.206820130727133
"4930",1567655.69356201,5175151.94579606,221.14156,0.2,NA,NA,197,0.31164673404789,198.64481157494,0.205256370217328
"3477",1569073.28248714,5175422.00636441,153.90182,0.2,NA,NA,197,0.31164673404789,284.470950299338,0.360555127546399
"5075",1571374.37501862,5175473.2593118,233.539431,0.2,NA,NA,455,0.545,323.504047697085,0.407430975749267
"273",1574997.96806163,5175802.95577222,244.343013,0.2,NA,NA,228,0.5,198.64481157494,0.205256370217328
"238",1575504.39896578,5175607.43524792,249.648842,0.2,NA,NA,212.068163081685,0.5,284.470950299338,0.360555127546399
"7136",1560931.0949796,5174219.46099918,258.795019,0.2,NA,NA,292.164361647475,0.31164673404789,202.125866002814,0.206820130727133
"6559",1562542.45828298,5174472.49501378,201.109965,0.2,NA,NA,257.099038180957,0.31164673404789,198.64481157494,0.205256370217328
"6533",1563271.51498287,5174552.63405786,180.468578,0.2,NA,NA,241.433972126378,0.31164673404789,202.125866002814,0.206820130727133
"4563",1563799.71432272,5173958.94093301,188.005574,0.2,NA,NA,222.849160868013,0.31164673404789,202.125866002814,0.206820130727133
"3713",1565275.88631153,5174280.65583718,199.883025,0.2,NA,NA,197,0.31164673404789,202.125866002814,0.206820130727133
"3709",1565944.93044531,5174585.15222484,175.351339,0.2,NA,NA,197,0.31164673404789,198.64481157494,0.205256370217328
"6324",1557552.28338182,5173198.30191661,245.090461,0.2,NA,NA,366.703028525439,0.31164673404789,202.125866002814,0.206820130727133
"6553",1563202.1857719,5173217.26293954,185.406178,0.2,NA,NA,229.587881354217,0.31164673404789,202.125866002814,0.206820130727133
"5818",1563929.40049686,5173129.25817073,192.329851,0.2,NA,NA,211.621458685211,0.31164673404789,198.64481157494,0.205256370217328
"6958",1565160.69756009,5173231.20736581,172.488138,0.2,NA,NA,197,0.31164673404789,216.62368022053,0.254950975679639
"6138",1568008.69441546,5172783.96685268,166.753341,0.2,NA,NA,455,0.545,284.470950299338,0.360555127546399
"5429",1564566.30956741,5171812.56534782,209.080693,0.2,NA,NA,197,0.31164673404789,202.125866002814,0.206820130727133
"6136",1567984.69476153,5172767.97190724,169.700625,0.2,NA,NA,455,0.545,300.639538792274,0.306594194335118
"5431",1564598.36908396,5171778.75039293,193.369163,0.2,NA,NA,197,0.31164673404789,202.125866002814,0.206820130727133
"6880",1564398.93239667,5168805.75884306,195.499626,0.2,NA,NA,197,0.31164673404789,198.64481157494,0.205256370217328
"6788",1559772.7415622,5167675.98418452,193.259003,0.2,NA,NA,294.733674801081,0.31164673404789,198.64481157494,0.205256370217328
"5935",1564229.05189316,5168014.68761163,187.719595,0.2,NA,NA,197,0.31164673404789,198.64481157494,0.205256370217328
"5630",1564609.14158531,5168478.58107266,196.85495,0.2,NA,NA,197,0.31164673404789,198.64481157494,0.205256370217328
"6795",1559664.74393768,5167524.98395407,191.523722,0.2,NA,NA,297.757858733319,0.31164673404789,198.64481157494,0.205256370217328
"6807",1559845.74554319,5167513.98149561,191.065856,0.2,NA,NA,293.229265689845,0.31164673404789,202.125866002814,0.206820130727133
"7158",1564107.55380519,5167227.10840374,171.107165,0.2,NA,NA,197,0.31164673404789,198.64481157494,0.205256370217328
"7352",1560535.61184807,5165768.9340191,190.723633,0.2,NA,NA,283.289088118287,0.31164673404789,202.125866002814,0.206820130727133
"6302",1562714.63632122,5165753.44538365,192.323524,0.2,NA,NA,229.805876837719,0.31164673404789,202.125866002814,0.206820130727133
"3537",1564048.16967492,5165930.71422994,173.789788,0.2,NA,NA,197,0.31164673404789,202.125866002814,0.206820130727133
"4791",1560212.24258837,5164800.09277226,196.106394,0.2,NA,NA,297.11565635341,0.31164673404789,202.125866002814,0.206820130727133
"3532",1562316.84557683,5165569.7472655,199.878002,0.2,NA,NA,240.705013540182,0.31164673404789,202.125866002814,0.206820130727133
"3534",1563316.32256203,5165324.35870386,194.258917,0.2,NA,NA,218.312541175446,0.31164673404789,198.64481157494,0.205256370217328
"3536",1563932.34360791,5165410.48079779,189.37384,0.2,NA,NA,202.883572044429,0.31164673404789,202.125866002814,0.206820130727133
"6286",1559689.93333724,5164190.32597499,195.639005,0.2,NA,NA,314.241788869213,0.31164673404789,202.125866002814,0.206820130727133
"6285",1559710.66443425,5164201.45337603,178.593233,0.2,NA,NA,313.657044677719,0.31164673404789,198.64481157494,0.205256370217328
"1",1561993.71133812,5185420.96673922,434.84965304549,0.2,NA,"Canterbury Aero Club",383.156293198439,0.31164673404789,202.125866002814,0.206820130727133
"2",1569284.13258605,5180330.06109757,196.772252851892,0.2,NA,"Christchurch Botanical Gardens",197,0.31164673404789,198.64481157494,0.205256370217328
"3",1571514.38575047,5179368.58629372,177,0.2,NA,"Christchurch Cathedral College",197,0.31164673404789,198.64481157494,0.205256370217328
"4",1569904.91376695,5179601.36218702,206,0.2,NA,"Christchurch Hospital",197,0.31164673404789,216.62368022053,0.254950975679639
"5",1569649.14073741,5176302.62831612,204.787293372298,0.2,NA,"Cashmere High School",197,0.31164673404789,198.64481157494,0.205256370217328
"6",1575924.44209259,5183441.02633684,206.957391125357,0.2,NA,"Hulverstone Dr Pumping Station",197,0.31164673404789,198.64481157494,0.205256370217328
"7",1576539.4459499,5174757.51857602,352.199743367467,0.2,NA,"Heathcote Valley School",335.279503497185,0.602886888230288,300.639538792274,0.306594194335118
"8",1572761.55826182,5197323.67139916,257.03794369645,0.2,NA,"Kaiapoi North School",197,0.31164673404789,202.125866002814,0.206820130727133
"9",1578283.93294314,5182861.84088473,189.555274781855,0.2,NA,"New Brighton Library",183,0.512,NA,NA
"10",1577199.92029671,5184128.77963676,211.698695201824,0.2,NA,"North New Brighton School",194.621941195615,0.512,198.64481157494,0.205256370217328
"11",1568217.41884338,5184378.49119124,187,0.2,NA,"Papanui High School",233.823448730686,0.31164673404789,198.64481157494,0.205256370217328
"12",1574364.12988299,5180744.052974,196,0.2,NA,"Pages Rd Pumping Station",197,0.31164673404789,202.125866002814,0.206820130727133
"13",1570514.62962911,5181156.78234817,154.140845070423,0.2,NA,"Christchurch Resthaven",197,0.31164673404789,202.125866002814,0.206820130727133
"14",1564805.54641501,5179549.26120796,285.50005414163,0.2,NA,"Riccarton High School",282.033771154048,0.31164673404789,198.64481157494,0.205256370217328
"15",1572789.68567247,5183011.12654044,210.08970772644,0.2,NA,"Shirley Library",197,0.31164673404789,198.64481157494,0.205256370217328
"16",1568766.12301399,5187192.33514738,226,0.2,NA,"Styx Mill Transfer Station",206.995171526145,0.31164673404789,198.64481157494,0.205256370217328
"17",1577731.33339128,5171954.88162213,792,0.2,NA,"LPCC",335.279503497185,0.602886888230288,393,0.5
"18",1572134.3362555,5178976.36430183,288.439902410322,0.2,NA,"AMI 2",197,0.31164673404789,198.64481157494,0.205256370217328
"1910",1572135.94742653,5178977.48159205,261.266295054483,0.2,NA,"AMI 3",197,0.31164673404789,198.64481157494,0.205256370217328
"20",1572102.24666937,5178921.81131472,200.985990285968,0.2,NA,"AMI 4",197,0.31164673404789,198.64481157494,0.205256370217328
"21",1572001.53912581,5178854.75588315,194.5092381007,0.2,NA,"AMI 5",197,0.31164673404789,198.64481157494,0.205256370217328
"22",1571935.95755714,5178888.91116716,197.313188209588,0.2,NA,"AMI 6",197,0.31164673404789,198.64481157494,0.205256370217328
"23",1577786.74018829,5180826.58573222,189.745744274877,0.2,NA,"S New Brighton Bridge",208.872881565166,0.512,NA,NA
"24",1574603.8639482,5182886.58562159,205.15023125136,0.2,NA,"SW AVD 02",197,0.31164673404789,198.64481157494,0.205256370217328
"25",1572955.41904127,5183132.26717006,203.561528993603,0.2,NA,"SW 6426",197,0.31164673404789,202.125866002814,0.206820130727133
"26",1571930.08011194,5197002.66176424,217.494211402599,0.2,NA,"SW KAS 40",197,0.31164673404789,198.64481157494,0.205256370217328
"2710",1572452.21209127,5183028.05033539,174,0.2,NA,"SW 6409 / SHY09",197,0.31164673404789,202.125866002814,0.206820130727133
"28",1574700.89374038,5182664.83150506,180.137293836242,0.2,NA,"SW AVD 07",197,0.31164673404789,198.64481157494,0.205256370217328
"29",1575766.16689786,5183820.44179281,177.377475392275,0.2,NA,"SW BUR 46",197,0.31164673404789,198.64481157494,0.205256370217328
"30",1570313.76296967,5180888.81177582,187.540035168909,0.2,NA,"SW CBD 21",197,0.31164673404789,198.64481157494,0.205256370217328
"31",1568658.51731302,5180927.94508963,175,0.2,NA,"SW FND 01",197,0.31164673404789,202.125866002814,0.206820130727133
"32",1573004.28702497,5196784.92335807,169,0.2,NA,"SW KAN 03",197,0.31164673404789,198.64481157494,0.205256370217328
"33",1572389.42979663,5196595.86193212,205,0.2,NA,"SW KAN 05",193.476066228784,0.512,202.125866002814,0.206820130727133
"34",1573164.34134778,5196868.85410106,195.474568542193,0.2,NA,"SW KAN 19",197,0.31164673404789,198.64481157494,0.205256370217328
"35",1572206.20599949,5196831.6636896,197,0.2,NA,"SW KAN 26",196.875790873884,0.512,198.64481157494,0.205256370217328
"36",1571516.9673639,5196997.60136892,206.159829863584,0.2,NA,"SW KAS 20",197,0.31164673404789,198.64481157494,0.205256370217328
"37",1570531.46834538,5180447.74748286,176,0.2,NA,"SW Z2-4",197,0.31164673404789,202.125866002814,0.206820130727133
"38",1570664.45999969,5180526.07172848,181.396103389761,0.2,NA,"SW Z2-6",197,0.31164673404789,198.64481157494,0.205256370217328
"39",1571093.27481764,5180403.54123395,191.667484514023,0.2,NA,"SW Z4-4",197,0.31164673404789,284.470950299338,0.360555127546399
"40",1597063.56282594,5149127.97233317,1073,0.2,NA,"AKSS",455,0.545,284.470950299338,0.360555127546399
"41",1569577.06236892,5175289.13399194,900,0.2,NA,"CRLZ",335.279503497185,0.602886888230288,535.786417756242,0.380788655293195
"42",1569722.6566385,5168871.04920022,733,0.2,NA,"D14C",246.6138371423,0.344601218802256,514.970575501527,0.380788655293195
"43",1581489.06139325,5174925.96689795,586,0.2,NA,"GODS",246.6138371423,0.344601218802256,514.970575501527,0.380788655293195
"44",1577847.4169995,5174218.58175149,830,0.2,NA,"MTPS",246.6138371423,0.344601218802256,514.970575501527,0.380788655293195
"45",1527317.03838508,5184451.87160998,518,0.2,NA,"DFHS",500,0.202629769603115,202.125866002814,0.206820130727133
"46",1526479.87168537,5173611.40267747,457,0.2,NA,"GDLC",500,0.202629769603115,202.125866002814,0.206820130727133
"47",1515962.59403872,5178875.26591331,531,0.2,NA,"HORC",500,0.202629769603115,202.125866002814,0.206820130727133
"48",1550147.49258977,5173170.07999756,447,0.2,NA,"ROLC",500,0.31164673404789,198.64481157494,0.205256370217328
"49",1545060.15341586,5163974.40431976,327,0.2,NA,"SLRC",500,0.31164673404789,202.125866002814,0.206820130727133
"50",1557414.88160993,5177937.72008541,398,0.2,NA,"TPLC",412.106224240987,0.31164673404789,202.125866002814,0.206820130727133
"51",1557139.63259335,5169905.45035008,292,0.2,NA,"LINC",361.970536556041,0.31164673404789,202.125866002814,0.206820130727133
"52",1559100.10495497,5197892.96873672,546,0.2,NA,"SWNC",438.932013039518,0.202629769603115,202.125866002814,0.206820130727133
"53",1521339.43386658,5155330.61382938,452,0.2,NA,"RKAC",500,0.31164673404789,198.64481157494,0.205256370217328
"54",1564886.3866953,5182946.06036747,294,0.2,NA,"Burnside Park",304.431870925661,0.31164673404789,202.125866002814,0.206820130727133
"55",1569572.1172478,5176184.15884665,222,0.2,NA,"Cashmere High",197,0.31164673404789,216.62368022053,0.254950975679639
"56",1571538.10465891,5183443.94186629,160,0.2,NA,"Christchurch Park",197,0.31164673404789,198.64481157494,0.205256370217328
"57",1571623.27515985,5180866.81217279,211,0.2,NA,"Fitzgerald",197,0.31164673404789,216.62368022053,0.254950975679639
"58",1573666.51342546,5178401.02985736,183,0.2,NA,"Garrick Park",197,0.31164673404789,198.64481157494,0.205256370217328
"59",1569320.31821655,5190100.67829033,223,0.2,NA,"Groynes",197,0.31164673404789,202.125866002814,0.206820130727133
"60",1568979.07297314,5179482.08302672,188,0.2,NA,"Hagley Park",197,0.31164673404789,198.64481157494,0.205256370217328
"61",1565724.07908363,5181051.34203973,297,0.2,NA,"Ilam Fields",267.685679509698,0.31164673404789,202.125866002814,0.206820130727133
"62",1571124.28374829,5180201.54387506,192,0.2,NA,"Latimer Square",197,0.31164673404789,202.125866002814,0.206820130727133
"63",1574579.90607554,5181889.28799492,186,0.2,NA,"Porritt Park",197,0.31164673404789,198.64481157494,0.205256370217328
"64",1576478.48441143,5184500.76464204,202,0.2,NA,"QEII Park",195.531103239423,0.512,202.125866002814,0.206820130727133
"65",1568717.92519458,5186177.83354012,188,0.2,NA,"Redwood Park",213.349451871956,0.31164673404789,198.64481157494,0.205256370217328
"66",1564916.03441772,5179727.98224185,324,0.2,NA,"Riccarton High Fields",279.971308236854,0.31164673404789,198.64481157494,0.205256370217328
"67",1578520.12385099,5179986.35807317,184,0.2,NA,"South New Brighton Park",183,0.512,202.125866002814,0.206820130727133
"1100",1933260.6039009,5620565.46254721,150,0.2,"Q2","014A",187.589153633871,0.5,198.64481157494,0.205256370217328
"2100",1935265.67040786,5621691.322232,1000,0.5,"Q3","015A",240,0.202629769603115,266.870166096091,0.4
"3100",2037739.42206298,5706989.77516193,480,0.5,"Q3","016A",240,0.202629769603115,535.786417756242,0.380788655293195
"479",2037085.15442009,5708273.37967912,138,0.2,"Q2","017A",212.65278586964,0.512,202.125866002814,0.206820130727133
"510",2037290.13559692,5708507.19201383,138,0.2,"Q2","018A",204.459528791863,0.512,198.64481157494,0.205256370217328
"610",1889458.41307876,5741827.82927549,210,0.5,"Q3","021A",500,0.202629769603115,198.64481157494,0.205256370217328
"710",1692922.88763882,5676345.05629949,350,0.5,"Q3","024A",240,0.202629769603115,266.870166096091,0.4
"810",1709359.55228643,5617533.2095487,210,0.2,"Q2","025A",204.373998521848,0.217057738584898,202.125866002814,0.206820130727133
"910",1935001.8481238,5619978.52287976,150,0.5,"Q3","027A",179.459496609406,0.5,198.64481157494,0.205256370217328
"1010",1937057.55684732,5621669.08169601,268,0.5,"Q3","027F",229.300592606245,0.512,317.368444092771,0.33166247903554
"1110",1976169.3005733,5784636.95178298,210,0.5,"Q3","028A",240,0.202629769603115,202.125866002814,0.206820130727133
"1210",1929773.64589686,5604530.31488791,182,0.5,"Q3","029A",267.981693565024,0.202629769603115,202.125866002814,0.206820130727133
"1310",1906511.11062395,5572463.93774168,495,0.5,"Q3","032A",204.373998521848,0.217057738584898,317.368444092771,0.33166247903554
"1410",1863700.17688994,5544465.72355271,367,0.5,"Q3","033A",500,0.202629769603115,202.125866002814,0.206820130727133
"1510",1863438.99877427,5544308.10822424,403,0.5,"Q3","033C",500,0.202629769603115,202.125866002814,0.206820130727133
"1610",1881255.99124776,5522762.27598192,800,0.5,"Q3","034A",326,0.5,297,0.5
"1710",1823869.11773587,5463577.43088143,314,0.5,"Q3","039D",500,0.202629769603115,202.125866002814,0.206820130727133
"1810",1785647.98337564,5394870.6845129,770,0.5,"Q3","040A",455,0.545,323.504047697085,0.407430975749267
"1911",1586072.57720149,5292104.42771941,280,0.5,"Q3","042A",500,0.202629769603115,198.64481157494,0.205256370217328
"2010",1406787.33506691,4914224.63396218,140,0.2,"Q2","044A",240,0.202629769603115,216.62368022053,0.254950975679639
"2110",1623715.13374616,5431110.71740904,210,0.5,"Q3","046A",240,0.202629769603115,202.125866002814,0.206820130727133
"2210",1679870.12960323,5403762.51822991,235,0.5,"Q3","048C",326,0.5,202.125866002814,0.206820130727133
"2310",1600809.42084882,5447413.22424531,300,0.5,"Q3","050A",240,0.202629769603115,202.125866002814,0.206820130727133
"2410",1483521.56040892,5376422.28627629,299.7,0.5,"Q3","051B",240,0.202629769603115,202.125866002814,0.206820130727133
"2510",1505794.82550715,5336649.3716564,333,0.5,"Q3","052A",500,0.202629769603115,202.125866002814,0.206820130727133
"2610",1545083.26909015,5307970.55429126,391,0.5,"Q3","053A",500,0.202629769603115,300.639538792274,0.306594194335118
"2711",1282121.93258959,5133558.5272773,210,0.5,"Q3","054A",240,0.202629769603115,202.125866002814,0.206820130727133
"2810",1452850.97671157,5298840.28311579,210,0.5,"Q3","055A",240,0.202629769603115,202.125866002814,0.206820130727133
"2910",1623880.9334781,5430588.38659893,450,0.5,"Q3","056A",240,0.202629769603115,198.64481157494,0.205256370217328
"3010",1433314.03380564,5268511.68214963,277.8,0.5,"Q3","057A",326,0.5,202.125866002814,0.206820130727133
"3110",1575984.45123102,5450759.89199331,1000,0.5,"Q3","059A",326,0.5,459,0.5
"3210",1622338.2145335,5259790.26338747,270,0.5,"Q3","060B",240,0.202629769603115,198.64481157494,0.205256370217328
"3310",1186829.9984344,4957213.93089402,297.5,0.5,"Q3","070A",500,0.202629769603115,202.125866002814,0.206820130727133
"3410",1348556.62262275,4874759.94238376,400,0.5,"Q3","075A",NA,NA,NA,NA
"3510",1197844.18007955,5040855.27189915,210,0.5,"Q3","080B",240,0.202629769603115,NA,NA
"3610",1843034.19168785,5680726.95565375,200,0.5,"Q3","081A",500,0.202629769603115,202.125866002814,0.206820130727133
"3710",1488781.92052276,5368110.04119958,1200,0.5,"Q3","083A",162.892120019443,0.301033220758108,NA,NA
"3810",1934655.91395236,5774703.04909843,350,0.5,"Q3","085D",418,0.354562104171167,323.504047697085,0.407430975749267
"3910",1934656.08477655,5774760.53435959,350,0.5,"Q3","085M",500,0.202629769603115,323.504047697085,0.407430975749267
"4010",1934466.07266034,5774756.90313875,350,0.5,"Q3","085N",418,0.354562104171167,NA,NA
"4110",1783900.84458966,5601534.35621761,1000,0.5,"Q3","087A",326,0.5,535.786417756242,0.380788655293195
"4210",1783402.84952873,5601512.94337083,1000,0.5,"Q3","087B",500,0.202629769603115,519,0.5
"4310",1783272.93973299,5601460.5117967,425,0.5,"Q3","087C",500,0.202629769603115,300.639538792274,0.306594194335118
"4410",1782757.54490976,5601428.36626184,1000,0.5,"Q3","087D",326,0.5,535.786417756242,0.380788655293195
"4510",1294402.3596083,5043728.46699331,325.8,0.5,"Q3","089A",271.050623687222,0.243194395377149,317.368444092771,0.33166247903554
"4610",1513170.08429945,5365761.2068423,270,0.5,"Q3","090A",500,0.202629769603115,284.470950299338,0.360555127546399
"4710",1840348.20585685,5590529.98419763,270,0.5,"Q3","092A",204.373998521848,0.217057738584898,297,0.5
"481",1982936.40653045,5670158.85848553,155,0.2,"Q2","096A",240,0.202629769603115,NA,NA
"491",2062915.62160983,5739554.83192213,210,0.5,"Q3","099B",214.823184623426,0.512,202.125866002814,0.206820130727133
"501",1820826.85979609,5628613.40237438,555,0.5,"Q3","102A",455,0.545,198.64481157494,0.205256370217328
"512",1532497.01426838,5312835.53839716,465,0.5,"Q3","103A",500,0.202629769603115,216.62368022053,0.254950975679639
"521",1840567.11908058,5591223.18111624,270,0.5,"Q3","110C",204.373998521848,0.217057738584898,514.970575501527,0.380788655293195
"531",1499904.40897411,5223733.37635125,667,0.5,"Q3","112A",455,0.545,317.368444092771,0.33166247903554
"542",2003322.52090346,5798299.16568277,522,0.5,"Q3","113A",204.373998521848,0.217057738584898,300.639538792274,0.306594194335118
"551",1806928.1023008,5549380.01975712,387,0.5,"Q3","114A",204.373998521848,0.217057738584898,198.64481157494,0.205256370217328
"562",1302544.40377821,5005812.35311815,1000,0.5,"Q3","118A",246.6138371423,0.344601218802256,NA,NA
"571",1302221.47471468,5005797.26284328,520,0.5,"Q3","118B",162.892120019443,0.301033220758108,NA,NA
"581",1843643.32196979,5531114.48486177,289.8,0.5,"Q3","120A",500,0.202629769603115,202.125866002814,0.206820130727133
"591",1543911.36713779,5371932.02326102,500,0.5,"Q3","122A",500,0.202629769603115,241.80869962047,0.307482445914323
"601",1780138.62758622,5449779.80375093,615.8,0.5,"Q3","123A",490.217095985569,0.202629769603115,266.870166096091,0.4
"611",1544100.26758986,5372211.09215854,500,0.5,"Q3","129A",500,0.202629769603115,198.64481157494,0.205256370217328
"621",1616893.88364625,5386887.56814824,367,0.5,"Q3","130B",500,0.202629769603115,317.368444092771,0.33166247903554
"631",1768794.13870397,5468846.77056453,210,0.5,"Q3","131A",335.279503497185,0.602886888230288,198.64481157494,0.205256370217328
"641",1749109.47797781,5426688.40199193,245,0.2,"Q2","132A",242,0.354562104171167,216.62368022053,0.254950975679639
"651",1976193.45082645,5784969.63568632,210,0.5,"Q3","214A",240,0.202629769603115,202.125866002814,0.206820130727133
"661",1982935.86553633,5670147.75421131,155,0.5,"Q3","225B",240,0.202629769603115,NA,NA
"671",1793559.49723643,5501033.10922305,600,0.5,"Q3","240A",216.587765106752,0.512,198.64481157494,0.205256370217328
"68",1760658.20968633,5433384.66401523,350,0.2,"Q2","249A",238.96650757814,0.512,300.639538792274,0.306594194335118
"69",1600994.32040876,5449011.80660303,210,0.5,"Q3","257A",240,0.202629769603115,202.125866002814,0.206820130727133
"701",1623723.50952832,5431110.69010117,210,0.5,"Q3","259A",240,0.202629769603115,202.125866002814,0.206820130727133
"71",1664220.23359614,5429910.94692901,330,0.5,"Q3","261A",240,0.202629769603115,317.368444092771,0.33166247903554
"72",1684424.99318534,5428682.87265676,400,0.5,"Q3","262A",240,0.202629769603115,NA,NA
"73",1590119.54871847,5400889.77807788,390,0.5,"Q3","264A",500,0.202629769603115,317.368444092771,0.33166247903554
"74",1543362.80847361,5371961.00583946,280,0.5,"Q3","265A",500,0.202629769603115,317.368444092771,0.33166247903554
"75",1483529.87416844,5376422.42168684,299.7,0.5,"Q3","266A",240,0.202629769603115,202.125866002814,0.206820130727133
"76",1452859.43460022,5298829.35204209,210,0.5,"Q3","268A",240,0.202629769603115,202.125866002814,0.206820130727133
"77",1656123.66415938,5304751.33457714,500,0.5,"Q3","270A",231.386712226203,0.512,284.470950299338,0.360555127546399
"78",1433313.76611112,5268522.78722358,277.8,0.5,"Q3","272A",326,0.5,202.125866002814,0.206820130727133
"79",1566317.57666403,5181293.49133683,150,0.5,"Q3","274A",255.340584076423,0.31164673404789,202.125866002814,0.206820130727133
"80",1562661.30232427,5184783.83734546,400,0.5,"Q3","275A",370.224664319873,0.31164673404789,202.125866002814,0.206820130727133
"81",1822082.26278549,5529527.11792381,341.3,0.5,"Q3","301A",500,0.202629769603115,198.64481157494,0.205256370217328
"82",1775417.06231055,5577577.13654386,250,0.2,"Q2","302A",240,0.202629769603115,198.64481157494,0.205256370217328
"83",1822090.79210863,5526082.27480159,282.6,0.5,"Q3","340A",500,0.202629769603115,266.870166096091,0.4
"84",1760366.76550668,5433857.61938592,210,0.5,"Q3","464A",216.471364353123,0.512,202.125866002814,0.206820130727133
"85",1763857.21338111,5436556.93935735,600,0.5,"Q3","465A",240,0.202629769603115,317.368444092771,0.33166247903554
"86",1759407.97752609,5432579.05908759,218.3,0.5,"Q3","467A",242,0.354562104171167,198.64481157494,0.205256370217328
"87",1763894.10042395,5437078.18947627,190,0.1,"Q1","468A",240,0.202629769603115,202.125866002814,0.206820130727133
"88",1759548.94139339,5435952.73774766,240,0.5,"Q3","469A",240,0.202629769603115,202.125866002814,0.206820130727133
"89",1286647.25243591,4886991.98896092,270,0.5,"Q3","504A",204.373998521848,0.217057738584898,198.64481157494,0.205256370217328
"90",1483084.74168812,5243927.82435387,300,0.2,"Q2","505A",500,0.202629769603115,317.368444092771,0.33166247903554
"91",1440252.00639553,5003927.094434,312.2,0.5,"Q3","507A",240,0.202629769603115,202.125866002814,0.206820130727133
"92",1756890.83950881,5434433.17965726,160.5,0.5,"Q3","601A",183,0.512,NA,NA
"93",1761681.81551732,5438327.2455874,1000,0.5,"Q3","602C",240,0.202629769603115,284.470950299338,0.360555127546399
"94",1755901.86983268,5434739.36954676,1000,0.5,"Q3","603B",240,0.202629769603115,284.470950299338,0.360555127546399
"95",1759990.33087833,5433899.22316531,262.5,0.5,"Q3","604A",240,0.202629769603115,198.64481157494,0.205256370217328
"96",1762704.29636668,5436393.9327092,760,0.5,"Q3","605B",326,0.5,535.786417756242,0.380788655293195
"97",1760897.04692468,5433568.22427735,800,0.5,"Q3","606B",326,0.5,317.368444092771,0.33166247903554
"98",1757524.77428703,5434663.86388386,200,0.2,"Q2","608A",213.325985669696,0.512,202.125866002814,0.206820130727133
"99",1760457.06712568,5433389.09956329,230,0.5,"Q3","640A",221.932117494294,0.512,241.80869962047,0.307482445914323
"100",1760650.51104924,5433795.82557129,210,0.5,"Q3","641A",229.636292869522,0.512,241.80869962047,0.307482445914323
"101",1760666.59069053,5433384.4791018,350,0.1,"Q1","642A",238.96650757814,0.512,300.639538792274,0.306594194335118
"102",1760735.84405378,5433482.92151262,350,0.1,"Q1","642E",233.74018264876,0.512,300.639538792274,0.306594194335118
"103",1766091.0944008,5442560.34049528,1000,0.5,"Q3","643B",326,0.5,514.970575501527,0.380788655293195
"104",1757806.80995157,5435256.46064962,188.7,0.5,"Q3","644C",222.782968714438,0.512,216.62368022053,0.254950975679639
"105",1763209.65266507,5430873.02397822,120,0.1,"Q1","646A",272.512711921894,0.137013550946091,216.62368022053,0.254950975679639
"106",1763194.88870649,5430962.22026594,120,0.1,"Q1","646B",272.512711921894,0.137013550946091,216.62368022053,0.254950975679639
"107",1748881.94802774,5427848.20970023,473.56,0.2,"Q2","647A",416.302600838571,0.354562104171167,NA,NA
"108",1748795.55384993,5427802.21834776,473.56,0.2,"Q2","647D",416.302600838571,0.354562104171167,317.368444092771,0.33166247903554
"109",1748526.8859765,5428921.75446756,330,0.5,"Q3","648A",240,0.202629769603115,284.470950299338,0.360555127546399
"110",1761252.27676837,5436737.22551666,330,0.2,"Q2","651A",240,0.202629769603115,198.64481157494,0.205256370217328
"111",1755320.56683317,5444185.78508955,570,0.5,"Q3","705B",240,0.202629769603115,266.870166096091,0.4
"112",1754294.86053776,5445318.23901393,210,0.5,"Q3","706A",245.982874165161,0.354562104171167,202.125866002814,0.206820130727133
"113",1755277.89292411,5444153.37048019,570,0.5,"Q3","707A",240,0.202629769603115,284.470950299338,0.360555127546399
"114",1754356.15362557,5445039.26503072,275,0.5,"Q3","708A",214.868888850441,0.512,241.80869962047,0.307482445914323
"115",2028418.25926543,5713066.05568566,245,0.5,"Q3","709A",240,0.202629769603115,202.125866002814,0.206820130727133
"116",1759631.14282702,5433962.6448397,233.5,0.5,"Q3","711A",240,0.202629769603115,202.125866002814,0.206820130727133
"117",1950144.61012942,5791012.22068024,210,0.5,"Q3","712A",210.275155716024,0.512,202.125866002814,0.206820130727133
"118",1754392.26382827,5445659.39380122,210,0.5,"Q3","713A",NA,NA,NA,NA
"119",1748954.31114896,5427291.37055248,267,0.2,"Q2","900B",246.531328336478,0.354562104171167,198.64481157494,0.205256370217328
"120",1749036.50389675,5427622.89925099,250,0.5,"Q3","900C",242,0.354562104171167,NA,NA
"1211",1749012.00527846,5428904.38581666,275.2,0.2,"Q2","902A",240,0.202629769603115,241.80869962047,0.307482445914323
"122",1748942.69987081,5428768.85533478,250,0.2,"Q2","907A",310.303748113216,0.354562104171167,241.80869962047,0.307482445914323
"123",1748786.42247215,5427683.55922428,358,0.2,"Q2","911A",378.018798324807,0.354562104171167,317.368444092771,0.33166247903554
"124",1751345.35767485,5423443.25170114,239,0.2,"Q2","912A",206.653669052936,0.512,198.64481157494,0.205256370217328
"125",1748437.20899869,5427812.8782817,1000,0.5,"Q3","913A",326,0.5,300.639538792274,0.306594194335118
"126",1748487.18614373,5426978.82498705,282,0.2,"Q2","914A",240,0.202629769603115,317.368444092771,0.33166247903554
"127",1748538.10612886,5427011.10545606,270,0.2,"Q2","914C",240,0.202629769603115,317.368444092771,0.33166247903554
"128",1748673.4406414,5427074.98021496,291,0.2,"Q2","916A",240,0.202629769603115,241.80869962047,0.307482445914323
"129",1748068.06294092,5428198.04841991,1000,0.5,"Q3","918B",326,0.5,266.870166096091,0.4
"130",1748067.1582358,5428153.63865504,1000,0.5,"Q3","918C",326,0.5,266.870166096091,0.4
"131",1748775.05676312,5427128.43594255,307,0.2,"Q2","919A",240,0.202629769603115,241.80869962047,0.307482445914323
"132",1748991.6404448,5425435.71035945,210,0.5,"Q3","920A",240,0.202629769603115,317.368444092771,0.33166247903554
"133",1623231.22264254,5431700.6785407,210,0.5,"Q3","925A",403.220201353302,0.354562104171167,266.870166096091,0.4
"134",1936878.33820955,5621710.26080931,651,0.5,"Q3","926A",234.100923337808,0.512,535.786417756242,0.380788655293195
"135",1932843.73430783,5601550.32689263,425,0.5,"Q3","928B",262.254860067024,0.202629769603115,266.870166096091,0.4
"136",1936324.84040614,5788534.71032629,150,0.5,"Q3","930A",272.512711921894,0.137013550946091,202.125866002814,0.206820130727133
"137",1924789.20777167,5778194.42528163,320,0.5,"Q3","931B",500,0.202629769603115,198.64481157494,0.205256370217328
"138",1878447.49512172,5822916.64459656,228.6,0.5,"Q3","933B",246.6138371423,0.344601218802256,198.64481157494,0.205256370217328
"139",1759874.57370391,5432446.63945923,180,0.1,"Q1","934B",219.870669213436,0.512,198.64481157494,0.205256370217328
"140",1759677.8620865,5436094.31466432,240,0.5,"Q3","935A",240,0.202629769603115,202.125866002814,0.206820130727133
"141",1258371.69560871,5004375.48276458,353.8,0.5,"Q3","940A",238.158437000604,0.512,317.368444092771,0.33166247903554
"142",1748954.31114896,5427291.37055248,272,0.2,"Q2","941A",246.531328336478,0.354562104171167,198.64481157494,0.205256370217328
"143",1499422.26924169,5138200.01869023,270,0.5,"Q3","ADCS",430.38180666359,0.202629769603115,202.125866002814,0.206820130727133
"144",1487452.1587084,5264009.79169869,210,0.5,"Q3","AICS",500,0.202629769603115,300.639538792274,0.306594194335118
"145",1597063.56282594,5149127.97233317,435,0.1,"Q1","AKSS",455,0.545,284.470950299338,0.360555127546399
"146",1578119.53099089,5221973.12569585,270,0.5,"Q3","AMBC",240,0.202629769603115,202.125866002814,0.206820130727133
"1471",1483160.98651063,5243859.13992808,300,0.2,"Q2","APPS",500,0.202629769603115,241.80869962047,0.307482445914323
"148",1762905.96489182,5432547.15573306,270,0.5,"Q3","ARKS",455,0.545,317.368444092771,0.33166247903554
"149",1469228.94307268,5290818.37263113,333,0.5,"Q3","ARPS",487.199921508061,0.202629769603115,241.80869962047,0.307482445914323
"150",1567213.24161839,5208632.41234392,270,0.5,"Q3","ASHS",288.966175592516,0.202629769603115,202.125866002814,0.206820130727133
"151",1390441.55763385,5051950.70839588,1000,0.5,"Q3","AVIS",162.892120019443,0.301033220758108,NA,NA
"152",1347121.50647347,4873046.84660622,1000,0.5,"Q3","BDCS",326,0.5,266.870166096091,0.4
"1531",1377086.9718078,5061763.37601213,1000,0.5,"Q3","BENS",418,0.354562104171167,NA,NA
"154",1874354.07878853,5491735.09964884,1000,0.5,"Q3","BFZ",326,0.5,323.504047697085,0.407430975749267
"155",1901757.14611777,5659026.55580361,1000,0.5,"Q3","BKZ",326,0.5,519,0.5
"156",1761516.74486082,5438210.25284163,900,0.5,"Q3","BMTS",326,0.5,323.504047697085,0.407430975749267
"157",1610744.29329969,5418024.61944732,210,0.5,"Q3","BTWS",246.260290331784,0.202629769603115,241.80869962047,0.307482445914323
"158",1574298.04418423,5185784.63580613,210,0.5,"Q3","BWHS",198.410502321195,0.512,202.125866002814,0.206820130727133
"159",1675614.25674834,5412052.21658697,760,0.5,"Q3","BWRS",246.6138371423,0.344601218802256,535.786417756242,0.380788655293195
"160",1561993.83037701,5185419.8351396,435,0.1,"Q1","CACS",383.158888500142,0.31164673404789,202.125866002814,0.206820130727133
"161",1569284.02632045,5180329.21321609,197,0.1,"Q1","CBGS",197,0.31164673404789,198.64481157494,0.205256370217328
"162",1571514.38575047,5179368.58629372,182,0.1,"Q1","CCCC",197,0.31164673404789,198.64481157494,0.205256370217328
"163",1570291.48238335,5180012.76316514,210,0.5,"Q3","CCPS",197,0.31164673404789,202.125866002814,0.206820130727133
"164",1622471.70310883,5259859.78962041,270,0.5,"Q3","CECS",240,0.202629769603115,198.64481157494,0.205256370217328
"165",1569905.19809131,5179601.02028144,196,0.1,"Q1","CHHC",197,0.31164673404789,216.62368022053,0.254950975679639
"166",1569649.68327898,5176302.57334989,213,0.1,"Q1","CMHS",197,0.31164673404789,198.64481157494,0.205256370217328
"167",1871322.70220463,5467485.1752572,350,0.5,"Q3","CPFS",240,0.202629769603115,NA,NA
"168",1569577.55556263,5175288.22651946,900,0.2,"Q2","CRLZ",335.279503497185,0.602886888230288,535.786417756242,0.380788655293195
"169",1119289.32611274,4966179.51572785,1500,0.5,"Q3","CSBF",246.6138371423,0.344601218802256,323.504047697085,0.407430975749267
"170",1496341.63602717,5213238.40458851,270,0.5,"Q3","CSHS",500,0.202629769603115,284.470950299338,0.360555127546399
"171",1549829.64425451,5204319.08074316,425,0.5,"Q3","CSTC",635,0.995,202.125866002814,0.206820130727133
"172",1748562.885112,5426924.50268592,250,0.5,"Q3","CUBS",240,0.202629769603115,317.368444092771,0.33166247903554
"173",1583847.81361812,5265879.75140305,270,0.5,"Q3","CULC",500,0.202629769603115,202.125866002814,0.206820130727133
"174",1441177.29771241,5083633.47187592,1000,0.5,"Q3","CVZ",246.6138371423,0.344601218802256,535.786417756242,0.380788655293195
"175",1573792.88813666,5181688.4691434,210,0.5,"Q3","D07C",197,0.31164673404789,198.64481157494,0.205256370217328
"176",1569722.6566385,5168871.04920022,1000,0.5,"Q3","D14C",246.6138371423,0.344601218802256,514.970575501527,0.380788655293195
"177",1573587.71514873,5182276.28519398,210,0.5,"Q3","DALS",197,0.31164673404789,198.64481157494,0.205256370217328
"178",1763856.63487491,5436556.90148795,600,0.5,"Q3","DAVS",240,0.202629769603115,317.368444092771,0.33166247903554
"179",1406150.52867483,4916880.51350601,600,0.5,"Q3","DCDS",246.6138371423,0.344601218802256,297,0.5
"180",1142961.88728084,4948773.34037708,1500,0.5,"Q3","DCZ",246.6138371423,0.344601218802256,323.504047697085,0.407430975749267
"181",1126642.95518321,4976846.71540058,1500,0.5,"Q3","DECF",246.6138371423,0.344601218802256,NA,NA
"182",1527402.17340936,5184413.84625289,270,0.5,"Q3","DFHS",500,0.202629769603115,202.125866002814,0.206820130727133
"183",1407021.65659772,4918216.69568921,600,0.5,"Q3","DGNS",455,0.545,216.62368022053,0.254950975679639
"184",1577997.16683481,5169155.89643456,690,0.5,"Q3","DHSS",335.279503497185,0.602886888230288,284.470950299338,0.360555127546399
"185",1405532.39895282,4913759.35928456,210,0.5,"Q3","DKHS",240,0.202629769603115,198.64481157494,0.205256370217328
"186",1527222.45143286,5139194.06295352,270,0.5,"Q3","DORC",240,0.202629769603115,202.125866002814,0.206820130727133
"187",1535335.81609583,5164743.65291816,270,0.5,"Q3","DSLC",500,0.202629769603115,202.125866002814,0.206820130727133
"188",1500605.85578036,5377849.44663145,450,0.5,"Q3","DSZ",326,0.5,297,0.5
"1891",1403813.74861097,4913379.22094225,500,0.2,"Q2","DUNS",246.6138371423,0.344601218802256,535.786417756242,0.380788655293195
"190",1863972.78235265,5545242.09095215,360,0.5,"Q3","DVHS",500,0.202629769603115,202.125866002814,0.206820130727133
"191",1310207.10881505,4984749.16639286,1000,0.5,"Q3","EAZ",246.6138371423,0.344601218802256,535.786417756242,0.380788655293195
"192",1759115.42693075,5427371.4420527,540,0.2,"Q2","EBPS",239,0.512,519,0.5
"193",1836990.27757217,5485938.04708441,270,0.5,"Q3","EKS2",500,0.202629769603115,216.62368022053,0.254950975679639
"194",1838810.50485768,5501759.05341696,270,0.5,"Q3","EKS3",500,0.202629769603115,216.62368022053,0.254950975679639
"195",1829032.25766296,5496622.76032682,800,0.5,"Q3","EKTS",500,0.202629769603115,198.64481157494,0.205256370217328
"196",1547823.35295905,5192188.20754122,270,0.5,"Q3","EYRS",500,0.202629769603115,202.125866002814,0.206820130727133
"197",1818961.35448204,5545366.48972157,270,0.5,"Q3","FAHS",204.373998521848,0.217057738584898,198.64481157494,0.205256370217328
"198",1762657.01071242,5436404.56605935,760,0.5,"Q3","FAIS",326,0.5,323.504047697085,0.407430975749267
"199",1426205.28896838,5114877.23498561,301,0.5,"Q3","FDCS",455,0.545,202.125866002814,0.206820130727133
"200",1358915.72792933,5183429.62805024,270,0.5,"Q3","FGPS",455,0.545,297,0.5
"201",1371940.02242399,5192119.53548433,210,0.5,"Q3","FJDS",204.373998521848,0.217057738584898,323.504047697085,0.407430975749267
"202",1748946.98464979,5427751.35581466,250,0.5,"Q3","FKPS",242,0.354562104171167,NA,NA
"203",1342679.06502108,5175165.77740069,1000,0.5,"Q3","FOZ",246.6138371423,0.344601218802256,323.504047697085,0.407430975749267
"204",1795397.17907537,5445454.75919223,270,0.5,"Q3","FTPS",500,0.202629769603115,202.125866002814,0.206820130727133
"205",1788736.13715909,5518654.39368709,210,0.5,"Q3","FXBS",335.279503497185,0.602886888230288,198.64481157494,0.205256370217328
"206",1526435.55865348,5173683.89236319,270,0.5,"Q3","GDLC",500,0.202629769603115,202.125866002814,0.206820130727133
"207",2036799.27231642,5711013.60875284,270,0.5,"Q3","GHHS",240,0.202629769603115,198.64481157494,0.205256370217328
"208",2037080.14686647,5708245.80571444,138,0.2,"Q2","GISS",213.568847302354,0.512,202.125866002814,0.206820130727133
"209",2037785.87172617,5706460.21911903,800,0.5,"Q3","GKBS",326,0.5,393,0.5
"210",1559885.11830985,5284134.13507508,270,0.5,"Q3","GLWS",500,0.202629769603115,317.368444092771,0.33166247903554
"211",1452830.46120067,5298798.74562488,210,0.5,"Q3","GMTS",240,0.202629769603115,241.80869962047,0.307482445914323
"212",1581370.13153929,5174925.74884726,760,0.5,"Q3","GODS",246.6138371423,0.344601218802256,547,0.5
"213",1286347.50797865,4886534.45000278,400,0.5,"Q3","GORS",204.373998521848,0.217057738584898,202.125866002814,0.206820130727133
"214",1570624.6097889,5166666.35435168,690,0.5,"Q3","GOVS",246.6138371423,0.344601218802256,323.504047697085,0.407430975749267
"215",1820834.38886407,5985498.35968737,1000,0.5,"Q3","GRZ",246.6138371423,0.344601218802256,266.870166096091,0.4
"2161",1602833.91380221,5242808.66886521,1000,0.5,"Q3","GVZ",326,0.5,514.970575501527,0.380788655293195
"217",2028521.98098878,5713256.50531962,245,0.5,"Q3","GWTS",240,0.202629769603115,202.125866002814,0.206820130727133
"218",1401276.33482529,5219749.15711479,210,0.5,"Q3","HAFS",204.373998521848,0.217057738584898,216.62368022053,0.254950975679639
"219",1565248.98555962,5173475.51375431,210,0.5,"Q3","HALS",197,0.31164673404789,198.64481157494,0.205256370217328
"220",1665719.91072051,5430720.80847258,1000,0.5,"Q3","HAVS",246.6138371423,0.344601218802256,519,0.5
"221",2021409.68123981,5810462.27757935,600,0.5,"Q3","HAZ",240,0.202629769603115,519,0.5
"222",1929764.06452946,5604487.34334163,182,0.2,"Q2","HCDS",268.615578224646,0.202629769603115,202.125866002814,0.206820130727133
"223",1282210.39957255,5133510.44121546,210,0.5,"Q3","HDWS",240,0.202629769603115,198.64481157494,0.205256370217328
"224",1567111.43229184,5177192.21587034,210,0.5,"Q3","HHSS",210.027826541325,0.31164673404789,202.125866002814,0.206820130727133
"225",1770864.65812021,5443714.89593024,210,0.5,"Q3","HIBS",307.210083051987,0.202629769603115,198.64481157494,0.205256370217328
"226",1433282.99059452,5268609.82673501,278,0.5,"Q3","HMCS",326,0.5,202.125866002814,0.206820130727133
"227",1932836.20411708,5601555.10263039,425,0.5,"Q3","HNPS",262.323065235565,0.202629769603115,266.870166096091,0.4
"228",1792802.85666952,5500745.02976873,600,0.5,"Q3","HOCS",258.733007851577,0.202629769603115,202.125866002814,0.206820130727133
"229",1515969.2087537,5178731.33401821,270,0.5,"Q3","HORC",500,0.202629769603115,202.125866002814,0.206820130727133
"230",1575924.71160532,5183440.57973107,150,0.5,"Q3","HPSC",197,0.31164673404789,198.64481157494,0.205256370217328
"231",1586077.48987924,5292112.21042108,280,0.5,"Q3","HSES",500,0.202629769603115,198.64481157494,0.205256370217328
"232",1766266.51564801,5442484.14532934,650,0.5,"Q3","HSSS",326,0.5,514.970575501527,0.380788655293195
"233",1735288.6043391,5653141.92650819,350,0.5,"Q3","HUKS",500,0.202629769603115,216.62368022053,0.254950975679639
"234",1572325.30739258,5174786.81401423,1000,0.5,"Q3","HUNS",246.6138371423,0.344601218802256,535.786417756242,0.380788655293195
"235",1576539.44930854,5174756.55790985,348,0.1,"Q1","HVSC",335.279503497185,0.602886888230288,300.639538792274,0.306594194335118
"236",1709426.2392207,5617511.17209451,210,0.2,"Q2","HWHS",204.373998521848,0.217057738584898,202.125866002814,0.206820130727133
"237",1242401.54119549,4849691.15987295,210,0.5,"Q3","ICCS",204.373998521848,0.217057738584898,266.870166096091,0.4
"2381",1474971.95004497,5268398.43355802,210,0.5,"Q3","IFPS",500,0.202629769603115,241.80869962047,0.307482445914323
"239",1513058.01198398,5365556.62434364,270,0.5,"Q3","INGS",500,0.202629769603115,317.368444092771,0.33166247903554
"240",1702864.12970801,5665212.40162121,330,0.5,"Q3","INHS",326,0.5,202.125866002814,0.206820130727133
"241",1761001.24681427,5433540.37280649,800,0.5,"Q3","INSS",326,0.5,393,0.5
"242",1472614.76227339,5268604.62516599,1200,0.5,"Q3","INZ",246.6138371423,0.344601218802256,266.870166096091,0.4
"243",1248001.61685172,5121831.18060534,1000,0.5,"Q3","JCWJ",326,0.5,323.504047697085,0.407430975749267
"244",1262509.69958086,5111354.01214551,1500,0.5,"Q3","JCZ",246.6138371423,0.344601218802256,547,0.5
"245",1925350.90548505,5778417.70853389,220,0.2,"Q2","KAFS",500,0.202629769603115,202.125866002814,0.206820130727133
"246",1525972.58891303,5433177.98022053,210,0.5,"Q3","KARS",240,0.202629769603115,198.64481157494,0.205256370217328
"247",1681334.83381182,5354677.71404319,1000,0.5,"Q3","KEKS",326,0.5,535.786417756242,0.380788655293195
"248",1898405.93156672,5629391.52735785,760,0.5,"Q3","KFHS",326,0.5,323.504047697085,0.407430975749267
"249",1567141.7734097,5510341.44539722,900,0.5,"Q3","KHLS",326,0.5,535.786417756242,0.380788655293195
"250",1644344.38264489,5303895.62791356,600,0.5,"Q3","KHZ",240,0.202629769603115,323.504047697085,0.407430975749267
"251",1656113.92166554,5302719.24274139,1000,0.5,"Q3","KIKS",183,0.512,202.125866002814,0.206820130727133
"252",1570955.81055837,5180611.74297223,210,0.5,"Q3","KILS",197,0.31164673404789,266.870166096091,0.4
"253",1787335.76284806,5450311.93333185,430,0.5,"Q3","KIRS",500,0.202629769603115,300.639538792274,0.306594194335118
"254",1589591.51151744,5386511.41324637,330,0.5,"Q3","KLDS",500,0.202629769603115,198.64481157494,0.205256370217328
"255",2004670.91238045,5670404.77176868,1000,0.5,"Q3","KNZ",326,0.5,547,0.5
"256",1447770.43739312,5249527.08452817,210,0.5,"Q3","KOKS",500,0.202629769603115,202.125866002814,0.206820130727133
"257",1507148.40173916,5202849.94633942,350,0.5,"Q3","KOWC",455,0.545,241.80869962047,0.307482445914323
"258",1572762.14774601,5197323.33671536,257,0.1,"Q1","KPOC",197,0.31164673404789,202.125866002814,0.206820130727133
"259",1842924.06773779,5929937.39503742,1000,0.5,"Q3","KUZ",326,0.5,323.504047697085,0.407430975749267
"260",1375728.23840912,5081447.13327349,1000,0.5,"Q3","LBZ",326,0.5,323.504047697085,0.407430975749267
"261",1578185.19684409,5171564.54925747,600,0.5,"Q3","LCQC",242,0.354562104171167,NA,NA
"262",1758676.60711081,5437686.81035848,700,0.5,"Q3","LHBS",326,0.5,535.786417756242,0.380788655293195
"263",1759564.16644661,5435996.835412,240,0.5,"Q3","LHES",240,0.202629769603115,202.125866002814,0.206820130727133
"2641",1758730.00495314,5436787.03766079,760,0.5,"Q3","LHRS",326,0.5,514.970575501527,0.380788655293195
"265",1758704.57467319,5433887.37072884,212,0.1,"Q1","LHUS",201.248705045302,0.512,202.125866002814,0.206820130727133
"266",1557078.62815256,5169840.97097473,210,0.5,"Q3","LINC",363.357574881424,0.31164673404789,202.125866002814,0.206820130727133
"267",1760851.15445828,5433677.73422644,400,0.5,"Q3","LIRS",239,0.512,317.368444092771,0.33166247903554
"268",1761531.07395526,5436698.41015314,330,0.2,"Q2","LNBS",240,0.202629769603115,241.80869962047,0.307482445914323
"269",1577789.50212262,5171644.10264837,760,0.5,"Q3","LPCC",418,0.354562104171167,NA,NA
"270",1311845.25905694,5153599.22651599,400,0.5,"Q3","LPLS",455,0.545,NA,NA
"271",1576986.33161885,5171582.75305444,210,0.5,"Q3","LPOC",242,0.354562104171167,NA,NA
"272",1502841.86877189,5157475.40985307,270,0.5,"Q3","LRSC",500,0.202629769603115,198.64481157494,0.205256370217328
"2731",1759597.28594904,5434025.20684398,230,0.5,"Q3","LRSS",240,0.202629769603115,198.64481157494,0.205256370217328
"274",1562695.49306733,5253573.46084404,270,0.5,"Q3","LSRC",326,0.5,297,0.5
"275",1540373.22550925,5263172.59289334,1000,0.5,"Q3","LTZ",326,0.5,300.639538792274,0.306594194335118
"276",1153144.94757319,4943198.5039387,1500,0.5,"Q3","MANS",246.6138371423,0.344601218802256,NA,NA
"277",1806361.85345319,5434913.91934654,390,0.5,"Q3","MAVS",500,0.202629769603115,202.125866002814,0.206820130727133
"278",1473085.80143451,5146568.49071809,270,0.5,"Q3","MAYC",500,0.202629769603115,202.125866002814,0.206820130727133
"279",1544174.9858199,5372218.33850642,501,0.5,"Q3","MCAS",500,0.202629769603115,198.64481157494,0.205256370217328
"280",1366238.32839029,5153302.75737462,270,0.5,"Q3","MCNS",455,0.545,300.639538792274,0.306594194335118
"281",1366064.6529073,5153661.94026246,270,0.5,"Q3","MCPS",455,0.545,300.639538792274,0.306594194335118
"282",1299144.5515865,5095627.53652975,270,0.5,"Q3","MECS",455,0.545,297,0.5
"283",1576698.12563448,5177122.37269623,690,0.5,"Q3","MENS",335.279503497185,0.602886888230288,NA,NA
"284",1678812.7523272,5404452.58951196,210,0.5,"Q3","MGCS",326,0.5,202.125866002814,0.206820130727133
"285",1752206.30216135,5424691.49449816,200,0.1,"Q1","MISS",229.658904120968,0.512,216.62368022053,0.254950975679639
"286",1742326.87951786,5434775.22278303,1000,0.5,"Q3","MKBS",326,0.5,266.870166096091,0.4
"287",1742863.05522674,5430375.39182641,480,0.5,"Q3","MKVS",240,0.202629769603115,266.870166096091,0.4
"288",1217722.46135024,4964727.25518628,1100,0.5,"Q3","MLZ",246.6138371423,0.344601218802256,323.504047697085,0.407430975749267
"289",1843810.67200228,5810998.5644429,210,0.5,"Q3","MMCS",500,0.202629769603115,198.64481157494,0.205256370217328
"290",1838908.26062501,5589850.25442521,270,0.5,"Q3","MNGS",204.373998521848,0.217057738584898,317.368444092771,0.33166247903554
"291",1597887.33193244,5168402.72454201,1000,0.5,"Q3","MNZS",246.6138371423,0.344601218802256,NA,NA
"292",1621287.96700659,5340418.58141944,700,0.5,"Q3","MOLS",455,0.545,323.504047697085,0.407430975749267
"293",1569412.28651707,5179202.19538645,210,0.5,"Q3","MORS",197,0.31164673404789,198.64481157494,0.205256370217328
"294",1229063.88797119,4931821.69212898,400,0.5,"Q3","MOSS",204.373998521848,0.217057738584898,202.125866002814,0.206820130727133
"295",1600797.66733196,5447401.01400616,300,0.5,"Q3","MOTS",240,0.202629769603115,202.125866002814,0.206820130727133
"296",1571077.87578921,5183665.87680598,210,0.5,"Q3","MPSS",197,0.31164673404789,198.64481157494,0.205256370217328
"297",1572104.30603661,5160712.9385032,1000,0.5,"Q3","MQZ",246.6138371423,0.344601218802256,323.504047697085,0.407430975749267
"298",1564371.75354605,5182308.53825472,210,0.5,"Q3","MRSS",310.275446431179,0.31164673404789,202.125866002814,0.206820130727133
"299",1817978.05166481,5495727.41216012,800,0.5,"Q3","MRZ",326,0.5,284.470950299338,0.360555127546399
"300",1471268.73200917,5159696.71696189,270,0.5,"Q3","MSMC",500,0.202629769603115,241.80869962047,0.307482445914323
"301",1197850.678925,5040802.14717046,1500,0.5,"Q3","MSZ",240,0.202629769603115,NA,NA
"302",1197780.29067025,5040833.44041886,1100,0.5,"Q3","MSZS",240,0.202629769603115,NA,NA
"303",1492294.94200566,5175776.44837225,210,0.5,"Q3","MTHS",635,0.995,202.125866002814,0.206820130727133
"304",1933351.63108088,5692598.20833005,1000,0.5,"Q3","MTHZ",326,0.5,547,0.5
"305",1577847.4169995,5174218.58175149,1000,0.5,"Q3","MTPS",246.6138371423,0.344601218802256,514.970575501527,0.380788655293195
"306",1837003.14091401,5634447.80570591,1000,0.5,"Q3","MWDS",246.6138371423,0.344601218802256,NA,NA
"307",1922787.94437159,5803465.88091646,1000,0.5,"Q3","MWFS",326,0.5,535.786417756242,0.380788655293195
"308",1995812.92224345,5747414.09930798,1000,0.5,"Q3","MWZ",326,0.5,459,0.5
"309",2068836.99403762,5829494.14877776,1000,0.5,"Q3","MXZ",246.6138371423,0.344601218802256,514.970575501527,0.380788655293195
"310",1933110.75975506,5624044.48650181,150,0.5,"Q3","NAAS",171,0.5,202.125866002814,0.206820130727133
"311",1937051.39977127,5621686.03643287,268,0.5,"Q3","NAMS",229.300592606245,0.512,317.368444092771,0.33166247903554
"312",1578283.9297083,5182861.84131853,189,0.1,"Q1","NBLC",183,0.512,NA,NA
"313",1763814.6919693,5436948.24824182,190,0.1,"Q1","NBSS",240,0.202629769603115,241.80869962047,0.307482445914323
"314",1623759.60131272,5431133.88614231,210,0.5,"Q3","NCBS",240,0.202629769603115,202.125866002814,0.206820130727133
"315",1933318.35132835,5620735.61516606,162,0.5,"Q3","NCDS",182.865118185682,0.5,198.64481157494,0.205256370217328
"316",1935057.20948486,5619744.7432341,200,0.5,"Q3","NCHS",173.929764757285,0.5,198.64481157494,0.205256370217328
"317",1622963.82692061,5429256.89725332,1000,0.5,"Q3","NELS",326,0.5,284.470950299338,0.360555127546399
"318",1752679.32436206,5433883.6285885,1000,0.5,"Q3","NEWS",326,0.5,535.786417756242,0.380788655293195
"319",1936720.35356125,5621981.89659036,800,0.5,"Q3","NGHS",240,0.202629769603115,284.470950299338,0.360555127546399
"320",1623188.24091446,5431618.66218525,460,0.5,"Q3","NLMS",403.220201353302,0.354562104171167,284.470950299338,0.360555127546399
"321",1785737.46548488,5395072.81219228,900,0.5,"Q3","NMPS",239,0.512,393,0.5
"322",1577199.98654701,5184127.93458886,204,0.1,"Q1","NNBS",194.621941195615,0.512,198.64481157494,0.205256370217328
"323",1631809.65690927,5437072.61709564,1100,0.5,"Q3","NNZ",326,0.5,300.639538792274,0.306594194335118
"324",1692865.63828409,5675747.47498095,350,0.5,"Q3","NPCS",204.373998521848,0.217057738584898,266.870166096091,0.4
"325",1252085.96400306,5119389.74764873,210,0.5,"Q3","NSBS",240,0.202629769603115,202.125866002814,0.206820130727133
"326",1936784.10715861,5621565.29772407,900,0.5,"Q3","NSPS",233.431689672214,0.512,300.639538792274,0.306594194335118
"327",1786202.38611349,5393437.50620305,800,0.5,"Q3","NWFS",455,0.545,300.639538792274,0.306594194335118
"328",1245958.4638795,4830367.3522889,210,0.5,"Q3","NZAS",335.279503497185,0.602886888230288,202.125866002814,0.206820130727133
"329",1440214.89334627,5003962.84609886,312,0.5,"Q3","OAMS",240,0.202629769603115,202.125866002814,0.206820130727133
"330",1414502.28720117,5009464.82060233,1000,0.5,"Q3","ODZ",246.6138371423,0.344601218802256,323.504047697085,0.407430975749267
"331",1572528.25952837,5189755.23571391,210,0.5,"Q3","OHSS",197,0.31164673404789,198.64481157494,0.205256370217328
"332",1976595.14447965,5783926.32936171,210,0.5,"Q3","OPCS",240,0.202629769603115,202.125866002814,0.206820130727133
"333",1673566.93145261,5632933.48100637,270,0.5,"Q3","OPSS",326,0.5,202.125866002814,0.206820130727133
"334",1572884.92459951,5177363.49896554,210,0.5,"Q3","OPWS",197,0.31164673404789,198.64481157494,0.205256370217328
"3351",1413603.99820902,4915995.10496002,1500,0.5,"Q3","OPZ",246.6138371423,0.344601218802256,459,0.5
"336",1807690.13927948,5634120.75227389,350,0.5,"Q3","ORCS",326,0.5,202.125866002814,0.206820130727133
"337",1780972.935601,5486242.54344294,210,0.5,"Q3","OTKS",240,0.202629769603115,216.62368022053,0.254950975679639
"338",1522028.75355605,5202544.51450089,1000,0.5,"Q3","OXZ",246.6138371423,0.344601218802256,266.870166096091,0.4
"339",1768843.21697294,5468818.98648534,200,0.5,"Q3","PAPS",335.279503497185,0.602886888230288,202.125866002814,0.206820130727133
"340",1579869.47779948,5176087.77265204,760,0.5,"Q3","PARS",246.6138371423,0.344601218802256,535.786417756242,0.380788655293195
"341",1458227.24650733,5135067.85503669,425,0.5,"Q3","PEEC",455,0.545,241.80869962047,0.307482445914323
"342",1754937.68091366,5444226.12644258,900,0.5,"Q3","PFAS",326,0.5,216.62368022053,0.254950975679639
"343",1906968.16334632,5532438.08045621,210,0.5,"Q3","PGFS",240,0.202629769603115,202.125866002814,0.206820130727133
"344",1757529.63337618,5434617.10674369,200,0.2,"Q2","PGMS",213.325985669696,0.512,202.125866002814,0.206820130727133
"345",1759565.92677832,5431447.04268028,1000,0.5,"Q3","PHFS",326,0.5,NA,NA
"346",1759546.43044063,5431509.359153,1000,0.5,"Q3","PHHS",326,0.5,NA,NA
"347",1749605.3602705,5430010.42565412,210,0.5,"Q3","PIPS",242,0.354562104171167,NA,NA
"348",1371990.65313817,5102957.6990777,330,0.5,"Q3","PKIS",271.050623687222,0.243194395377149,323.504047697085,0.407430975749267
"349",1821457.47808494,5530247.81755285,270,0.5,"Q3","PNBS",500,0.202629769603115,202.125866002814,0.206820130727133
"350",1820183.27633161,5528739.56806107,210,0.5,"Q3","PNMS",500,0.202629769603115,202.125866002814,0.206820130727133
"351",1823737.94764301,5532255.68864692,270,0.5,"Q3","PNRS",500,0.202629769603115,202.125866002814,0.206820130727133
"352",1753745.12327073,5445755.6818412,330,0.5,"Q3","POKS",234.028988489671,0.512,317.368444092771,0.33166247903554
"353",1754366.80801131,5445026.82204342,275,0.5,"Q3","POLS",214.868888850441,0.512,241.80869962047,0.307482445914323
"354",1748637.67647043,5429504.83305763,1000,0.5,"Q3","POTS",418,0.354562104171167,393,0.5
"355",1568217.64294685,5184378.08632325,180,0.1,"Q1","PPHS",233.820009833314,0.31164673404789,198.64481157494,0.205256370217328
"356",1762053.83363809,5431794.96857389,190,0.2,"Q2","PRKS",455,0.545,216.62368022053,0.254950975679639
"3571",1574364.76233163,5180742.98787446,196,0.1,"Q1","PRPC",197,0.31164673404789,202.125866002814,0.206820130727133
"358",1755929.4646204,5434821.86115502,450,0.5,"Q3","PTOS",240,0.202629769603115,323.504047697085,0.407430975749267
"359",2061276.13797546,5773176.19142917,1000,0.5,"Q3","PUZ",326,0.5,266.870166096091,0.4
"360",1757066.50700275,5434600.49323856,190,0.2,"Q2","PVCS",217.052032330583,0.512,202.125866002814,0.206820130727133
"361",1753264.97245107,5445486.98246988,1000,0.5,"Q3","PWES",326,0.5,535.786417756242,0.380788655293195
"362",1929559.46817281,5561798.37860998,1000,0.5,"Q3","PWZ",326,0.5,323.504047697085,0.407430975749267
"363",1929567.64288532,5561691.22707103,1000,0.5,"Q3","PXZ",326,0.5,323.504047697085,0.407430975749267
"364",1112189.57228474,4868036.6251326,1000,0.5,"Q3","PYZ",246.6138371423,0.344601218802256,547,0.5
"365",1685683.93994749,5429696.32626264,270,0.5,"Q3","QCCS",455,0.545,284.470950299338,0.360555127546399
"366",1560296.30481352,5480504.743332,1000,0.5,"Q3","QRZ",246.6138371423,0.344601218802256,535.786417756242,0.380788655293195
"367",1258360.43719023,5004320.28754148,350,0.5,"Q3","QTPS",238.158437000604,0.512,317.368444092771,0.33166247903554
"368",1578406.94187131,5177189.83432829,800,0.5,"Q3","RCBS",335.279503497185,0.602886888230288,535.786417756242,0.380788655293195
"369",1652488.65096176,5401136.04597717,270,0.5,"Q3","RCS1",500,0.202629769603115,284.470950299338,0.360555127546399
"370",1506126.76951198,5336309.51836823,270,0.5,"Q3","RDCS",500,0.202629769603115,216.62368022053,0.254950975679639
"371",1570514.33735468,5181156.5890425,155,0.1,"Q1","REHS",197,0.31164673404789,202.125866002814,0.206820130727133
"372",1580372.34014599,5175699.55077743,900,0.5,"Q3","RHBS",246.6138371423,0.344601218802256,547,0.5
"373",1564805.54641501,5179549.26120796,286,0.1,"Q1","RHSC",282.033771154048,0.31164673404789,198.64481157494,0.205256370217328
"374",1521355.34158762,5155267.57607326,210,0.5,"Q3","RKAC",500,0.31164673404789,198.64481157494,0.205256370217328
"375",1550041.52792524,5173164.29101183,210,0.5,"Q3","ROLC",500,0.31164673404789,198.64481157494,0.205256370217328
"376",1885244.27771246,5774067.90504631,210,0.5,"Q3","ROPS",500,0.202629769603115,202.125866002814,0.206820130727133
"377",1891855.84626948,5740283.93872848,210,0.5,"Q3","RPCS",246.6138371423,0.344601218802256,202.125866002814,0.206820130727133
"378",1443222.9809672,5157983.88670365,1000,0.5,"Q3","RPZ",455,0.545,300.639538792274,0.306594194335118
"379",1749127.57412159,5426794.65920159,246,0.1,"Q1","RQGS",242,0.354562104171167,216.62368022053,0.254950975679639
"3801",1173159.32856593,4874701.26152379,270,0.5,"Q3","RRKS",204.373998521848,0.217057738584898,241.80869962047,0.307482445914323
"381",1946600.17294635,5718376.41185104,1000,0.5,"Q3","RTZ",326,0.5,535.786417756242,0.380788655293195
"382",1951280.98485477,5770207.3136833,270,0.5,"Q3","RUAS",204.373998521848,0.217057738584898,317.368444092771,0.33166247903554
"383",1568974.57785074,5182838.54681061,210,0.5,"Q3","SACS",212.802710158332,0.31164673404789,202.125866002814,0.206820130727133
"384",1539867.9108431,5149102.11650586,210,0.5,"Q3","SBRC",197,0.31164673404789,202.125866002814,0.206820130727133
"385",1593605.26124963,5246003.57691082,270,0.5,"Q3","SCAC",455,0.545,317.368444092771,0.33166247903554
"386",1753786.55408534,5423374.35323709,210,0.5,"Q3","SEAS",183,0.512,NA,NA
"387",1119892.65377658,4974315.01407078,1000,0.5,"Q3","SECF",246.6138371423,0.344601218802256,300.639538792274,0.306594194335118
"388",1689605.59397331,5386048.31892557,270,0.5,"Q3","SEDS",240,0.202629769603115,317.368444092771,0.33166247903554
"389",1759380.04354029,5432080.15727593,210,0.5,"Q3","SEVS",242,0.354562104171167,NA,NA
"390",1521096.58901738,5195286.09823259,270,0.5,"Q3","SHFC",500,0.202629769603115,202.125866002814,0.206820130727133
"391",1572789.46936598,5183010.9023238,201,0.1,"Q1","SHLC",197,0.31164673404789,198.64481157494,0.205256370217328
"392",1532469.82682823,5312749.7686171,465,0.5,"Q3","SJFS",500,0.202629769603115,284.470950299338,0.360555127546399
"393",1406821.48930529,4914200.12152872,140,0.2,"Q2","SKFS",240,0.202629769603115,266.870166096091,0.4
"394",1544985.03382586,5163982.45020721,210,0.5,"Q3","SLRC",500,0.31164673404789,202.125866002814,0.206820130727133
"395",1546133.39166945,5209858.28975188,270,0.5,"Q3","SMHS",500,0.202629769603115,202.125866002814,0.206820130727133
"396",1568766.12171824,5187192.33547455,219,0.1,"Q1","SMTC",206.995202710453,0.31164673404789,198.64481157494,0.205256370217328
"397",1742659.60767942,5425567.29920834,1000,0.5,"Q3","SNZO",326,0.5,535.786417756242,0.380788655293195
"398",1760638.55055371,5436790.76595305,300,0.5,"Q3","SOCS",240,0.202629769603115,202.125866002814,0.206820130727133
"399",1756241.07977726,5430984.60794828,1000,0.5,"Q3","SOMS",326,0.5,266.870166096091,0.4
"400",1513179.22283697,5201096.10519951,270,0.5,"Q3","SPFS",500,0.202629769603115,198.64481157494,0.205256370217328
"401",1513270.11255517,5201227.2573443,270,0.5,"Q3","SPRS",500,0.202629769603115,202.125866002814,0.206820130727133
"402",1570993.09530511,5182084.56777994,150,0.5,"Q3","STAS",272.512711921894,0.137013550946091,202.125866002814,0.206820130727133
"403",1571343.74757745,5171765.0287908,1000,0.5,"Q3","STKS",246.6138371423,0.344601218802256,284.470950299338,0.360555127546399
"404",1580361.93644978,5175943.52008228,1000,0.5,"Q3","SUMS",246.6138371423,0.344601218802256,323.504047697085,0.407430975749267
"405",1559114.5080071,5198035.37070871,270,0.5,"Q3","SWNC",438.980746926562,0.202629769603115,202.125866002814,0.206820130727133
"406",1303936.87783558,4839051.45739463,400,0.5,"Q3","SYZ",240,0.202629769603115,284.470950299338,0.360555127546399
"407",1186821.23892478,4957179.88241095,297.5,0.5,"Q3","TAFS",500,0.202629769603115,202.125866002814,0.206820130727133
"408",1763954.58212535,5439376.37509491,250,0.5,"Q3","TAIS",240,0.202629769603115,198.64481157494,0.205256370217328
"409",2063180.81632748,5739498.32888916,210,0.5,"Q3","TBAS",213.918770341945,0.512,202.125866002814,0.206820130727133
"410",1878298.54586007,5822479.42170828,230,0.5,"Q3","TBCS",246.6138371423,0.344601218802256,216.62368022053,0.254950975679639
"411",1707000.32339887,5437104.78851691,1000,0.5,"Q3","TCW",246.6138371423,0.344601218802256,459,0.5
"412",2073578.28608509,5821305.68110729,210,0.5,"Q3","TDHS",227.853038905783,0.512,202.125866002814,0.206820130727133
"413",1749133.57343724,5427454.30080551,266.67,0.1,"Q1","TEPS",246.531328336478,0.354562104171167,NA,NA
"414",1749334.786234,5429134.01148567,274,0.1,"Q1","TFSS",281.101148566446,0.354562104171167,266.870166096091,0.4
"415",1839759.0905478,5604027.35698019,425,0.5,"Q3","THHS",500,0.202629769603115,514.970575501527,0.380788655293195
"416",1840268.5197801,5604365.92645417,270,0.5,"Q3","THPS",204.373998521848,0.217057738584898,266.870166096091,0.4
"417",1592121.28117511,5376591.11254117,1000,0.5,"Q3","THZ",500,0.202629769603115,393,0.5
"418",1853854.36922929,5738144.45383193,600,0.5,"Q3","TIRS",246.6138371423,0.344601218802256,216.62368022053,0.254950975679639
"419",1396447.03977528,5123513.11392594,210,0.5,"Q3","TKAS",418,0.354562104171167,393,0.5
"420",1788403.45251188,5755059.71757874,210,0.5,"Q3","TKHS",500,0.202629769603115,241.80869962047,0.307482445914323
"421",1383141.68224369,4894146.91296435,330,0.5,"Q3","TMBS",204.373998521848,0.217057738584898,202.125866002814,0.206820130727133
"4221",1781067.59605504,5450336.33901796,800,0.5,"Q3","TMDS",326,0.5,323.504047697085,0.407430975749267
"423",1826184.49924001,5886595.84511875,690,0.5,"Q3","TMHS",240,0.202629769603115,216.62368022053,0.254950975679639
"424",1582376.7206779,5147825.82188326,1000,0.5,"Q3","TOKS",246.6138371423,0.344601218802256,514.970575501527,0.380788655293195
"425",1775111.39809971,5447500.11652043,210,0.5,"Q3","TOTS",380.98472412754,0.202629769603115,241.80869962047,0.307482445914323
"426",1820473.27897536,5821088.60112934,1000,0.5,"Q3","TOZ",204.373998521848,0.217057738584898,323.504047697085,0.407430975749267
"427",1557345.70284017,5177970.582951,210,0.5,"Q3","TPLC",414.037623751665,0.31164673404789,202.125866002814,0.206820130727133
"428",1866814.54896171,5713564.59896064,454,0.5,"Q3","TPPS",246.6138371423,0.344601218802256,NA,NA
"429",1460205.10245215,5081886.89022228,690,0.5,"Q3","TRCS",335.279503497185,0.602886888230288,198.64481157494,0.205256370217328
"430",1852810.52182621,5493430.76582859,900,0.5,"Q3","TRMS",326,0.5,535.786417756242,0.380788655293195
"431",1748515.26548217,5426565.94711276,400,0.5,"Q3","TRTS",240,0.202629769603115,266.870166096091,0.4
"432",1584920.15916379,5477942.8056428,1000,0.5,"Q3","TSFS",326,0.5,317.368444092771,0.33166247903554
"433",1852564.13675144,5561541.6650769,800,0.5,"Q3","TSZ",204.373998521848,0.217057738584898,547,0.5
"434",1843826.59307599,5680974.69114809,210,0.5,"Q3","TTHS",500,0.202629769603115,198.64481157494,0.205256370217328
"435",1960435.78133283,5696451.10039556,600,0.5,"Q3","TUDS",326,0.5,NA,NA
"436",1795067.64719374,5695900.14158129,1000,0.5,"Q3","TUHS",246.6138371423,0.344601218802256,266.870166096091,0.4
"437",1338930.28149746,4905546.30205635,1000,0.5,"Q3","TUZ",246.6138371423,0.344601218802256,535.786417756242,0.380788655293195
"438",1368356.31256221,5095754.77804981,210,0.5,"Q3","TWAS",635,0.995,202.125866002814,0.206820130727133
"439",1771321.5667357,5445157.75514099,210,0.5,"Q3","UHCS",306.674390462514,0.202629769603115,198.64481157494,0.205256370217328
"440",1773350.20084544,5445158.20375113,210,0.5,"Q3","UHSS",349.425052830998,0.202629769603115,241.80869962047,0.307482445914323
"441",1959723.79881744,5757421.44391793,1000,0.5,"Q3","URZ",500,0.202629769603115,284.470950299338,0.360555127546399
"4421",1843143.22907231,5596540.40438585,270,0.5,"Q3","UTKS",326,0.5,297,0.5
"443",1752005.54241883,5667952.89729523,1000,0.5,"Q3","VRZ",326,0.5,323.504047697085,0.407430975749267
"444",1748934.81609694,5428650.56027174,250,0.2,"Q2","VUWS",310.303748113216,0.354562104171167,202.125866002814,0.206820130727133
"445",1869298.42407857,5719466.8846297,1000,0.5,"Q3","WAIS",246.6138371423,0.344601218802256,514.970575501527,0.380788655293195
"446",1575960.22824171,5243240.41532431,270,0.5,"Q3","WAKC",500,0.202629769603115,216.62368022053,0.254950975679639
"4471",1878507.72907887,5592408.40669732,555,0.5,"Q3","WAKS",455,0.545,317.368444092771,0.33166247903554
"448",1761836.981224,5433778.07814423,1000,0.5,"Q3","WANS",326,0.5,266.870166096091,0.4
"449",1770095.80319376,5597589.08217041,690,0.5,"Q3","WAZ",230.805991023563,0.512,535.786417756242,0.380788655293195
"450",1483595.86029158,5376404.61567993,299.7,0.5,"Q3","WBCS",240,0.202629769603115,202.125866002814,0.206820130727133
"451",1881004.04896449,5522481.53092152,800,0.5,"Q3","WBFS",326,0.5,284.470950299338,0.360555127546399
"452",1774991.81252307,5577600.23842415,250,0.5,"Q3","WCDS",335.279503497185,0.602886888230288,198.64481157494,0.205256370217328
"453",1508052.80808408,5187723.50482774,270,0.5,"Q3","WCSS",500,0.202629769603115,216.62368022053,0.254950975679639
"454",1763234.01477721,5430838.04226124,120,0.1,"Q1","WDAS",272.512711921894,0.137013550946091,216.62368022053,0.254950975679639
"455",1694536.59703554,5368760.82965488,270,0.5,"Q3","WDFS",240,0.202629769603115,297,0.5
"456",1843769.247705,5530749.19878224,270,0.5,"Q3","WDPS",500,0.202629769603115,202.125866002814,0.206820130727133
"457",1748069.82828802,5428202.45529345,1000,0.5,"Q3","WEL",326,0.5,535.786417756242,0.380788655293195
"458",1749019.94186884,5429267.09225134,265,0.1,"Q1","WEMS",240,0.202629769603115,198.64481157494,0.205256370217328
"459",1983054.94805707,5670097.4287209,155,0.5,"Q3","WFSS",240,0.202629769603115,198.64481157494,0.205256370217328
"460",1383222.96583506,5200623.06176865,270,0.5,"Q3","WHAS",455,0.545,300.639538792274,0.306594194335118
"461",1385648.0240853,5206795.88278122,210,0.5,"Q3","WHFS",204.373998521848,0.217057738584898,202.125866002814,0.206820130727133
"462",1207995.03693669,4905476.76003365,1000,0.5,"Q3","WHZ",326,0.5,547,0.5
"463",1982164.07549594,5669986.08344591,155,0.5,"Q3","WICS",240,0.202629769603115,198.64481157494,0.205256370217328
"464",1583644.33697954,5272347.73046752,270,0.5,"Q3","WIGC",500,0.202629769603115,202.125866002814,0.206820130727133
"465",1950166.29621961,5790963.46526647,210,0.5,"Q3","WKHS",210.275155716024,0.512,202.125866002814,0.206820130727133
"466",1285178.20410306,5028545.63364675,1000,0.5,"Q3","WKZ",246.6138371423,0.344601218802256,323.504047697085,0.407430975749267
"467",1751392.78415804,5423428.93371087,239,0.2,"Q2","WNAS",206.653669052936,0.512,198.64481157494,0.205256370217328
"468",1748645.68301603,5426332.4816344,1000,0.5,"Q3","WNHS",326,0.5,266.870166096091,0.4
"469",1745879.83857979,5428161.21494601,270,0.5,"Q3","WNKS",240,0.202629769603115,266.870166096091,0.4
"470",1294393.27496842,5043735.82981793,330,0.5,"Q3","WNPS",271.050623687222,0.243194395377149,284.470950299338,0.360555127546399
"471",1906242.49050135,5572319.05260259,270,0.5,"Q3","WPWS",204.373998521848,0.217057738584898,317.368444092771,0.33166247903554
"472",1822863.76240095,5463377.93386385,270,0.5,"Q3","WRCS",500,0.202629769603115,202.125866002814,0.206820130727133
"4731",1488334.81743446,5145256.48335661,270,0.5,"Q3","WSFC",500,0.202629769603115,202.125866002814,0.206820130727133
"474",1604395.4029434,5281441.25746242,210,0.5,"Q3","WTMC",500,0.202629769603115,266.870166096091,0.4
"475",1415770.02190843,5228754.52094775,270,0.5,"Q3","WVAS",246.6138371423,0.344601218802256,202.125866002814,0.206820130727133
"476",1629233.25863616,5392328.13287563,270,0.5,"Q3","WVFS",500,0.202629769603115,202.125866002814,0.206820130727133
"477",1739629.67058701,5597930.94995643,330,0.5,"Q3","WVHS",204.373998521848,0.217057738584898,202.125866002814,0.206820130727133
"478",1415745.84621009,5228442.67844001,1000,0.5,"Q3","WVZ",246.6138371423,0.344601218802256,198.64481157494,0.205256370217328
